time,seconds_elapsed,accel_z,accel_y,accel_x,gyro_x,gyro_y,gyro_z,activity,member
1772702296698561800,0.077561767578125,0.0372474883764982,-0.0104138408450118,0.0139874010409344,0.0193819068372249,-0.0039730002172291,-0.0002474952489137,still,queen
1772702296708510000,0.087510009765625,0.061336219972372,-0.0097701429638604,0.0093626364502706,0.0149661712348461,-0.001249199733138,1.84685923159e-05,still,queen
1772702296718456800,0.097456787109375,0.0517576597660779,-0.0013049553935241,0.0078499371822457,0.0101676881313323,-0.0024271160364151,-0.0025440251920372,still,queen
1772702296728404700,0.10740478515625,0.0655237347900867,-0.0164096837263263,0.0113802085090021,0.0047233458608388,-0.0007362770847976,-0.0003233482129871,still,queen
1772702296738353000,0.117352783203125,0.0619324322998523,-0.0219283295584376,0.0094044194905844,-0.0010285493917763,0.0019993220921605,0.0027488740161061,still,queen
1772702296748300800,0.12730078125,0.0706119978398084,-0.018830740285723,0.0167820127536135,-0.0070109898224473,-0.0026279157027602,0.0011542900465428,still,queen
1772702296758248700,0.137248779296875,0.0568465073376893,-0.0241698111751815,0.018921625448059,-0.0148593252524733,-0.0022582686506211,-0.0016438933089375,still,queen
1772702296768196900,0.14719677734375,0.0610381138086318,-0.0206773750826949,0.0036102549275208,-0.0145514514297246,0.0005717910826206,0.0009997291490435,still,queen
1772702296778144000,0.15714404296875,0.0562514640539884,-0.0108971342748613,0.0021161576119775,-0.0159954167902469,-7.61561095714e-05,-0.0011955145746469,still,queen
1772702296788092000,0.167091796875,0.0549064791858196,-0.0049789220653765,0.0025220030330878,-0.0142151275649666,0.001781779108569,0.0009524980559945,still,queen
1772702296798039800,0.177039794921875,0.0487725064754486,-0.0031906566881603,0.0061477957397466,-0.0144398985430598,-0.0020718150772154,0.000589242670685,still,queen
1772702296807988000,0.186988037109375,0.0478758498966693,-0.0016477643529156,0.01057664617431,-0.0092247165739536,0.000779824797064,0.0014878460206091,still,queen
1772702296817936000,0.196935791015625,0.0459305610477924,-0.0095556845083163,0.0108821707428141,-0.004401464946568,-0.0022090408019721,-9.4604678452e-05,still,queen
1772702296827882800,0.2068828125,0.0498211387455463,-0.0084144380555662,0.00764937653378,-0.0015613101422786,-0.001124907284975,-0.0002808212302625,still,queen
1772702296837830700,0.21683056640625,0.039795419293642,-0.0020603043762937,0.0081150852162332,0.0028675268404185,0.0022967220284044,0.0022340016439557,still,queen
1772702296847778800,0.22677880859375,0.039795419293642,-0.0042737141009565,0.0088660988047136,0.0056428308598697,0.0033702778164297,0.0003262623213231,still,queen
1772702296857726700,0.236726806640625,0.0376999083191156,-0.0117325256530777,0.0115203613317862,0.0097792521119117,0.0021284457761794,-9.93106514215e-05,still,queen
1772702296867675000,0.2466748046875,0.0481739560604095,-0.0099387113136646,0.0072933113714156,0.0103953387588262,-0.0019494630396366,0.0004137218929827,still,queen
1772702296877622800,0.256622802734375,0.0558043048083782,-0.0114004407295666,0.009037700503465,0.012254225090146,-0.0028048702515661,0.0022038985043764,still,queen
1772702296887570000,0.26656982421875,0.0522118332743644,-0.0194343025193084,0.0035932878096995,0.0112335607409477,0.0039142472669482,-0.0030329034198075,still,queen
1772702296897517800,0.276517822265625,0.0555026915132999,-0.0060359111718658,0.0120636436038534,0.0101789478212594,0.0010718554258346,-0.0010200862307101,still,queen
1772702296907466000,0.286466064453125,0.0698673169523477,-0.0093046774516464,0.011337054353865,0.0052525484934449,-0.0003917785361409,-0.002547756768763,still,queen
1772702296917413600,0.29641357421875,0.0611877514123916,-0.0172337831006152,-0.0010599870644626,0.0022205398418009,-0.000329993199557,-0.0005413312464952,still,queen
1772702296927361800,0.30636181640625,0.057746086525917,-0.012642562303238,-0.0042311598799075,-0.0025837821885943,0.0012457671109586,0.0002843127585947,still,queen
1772702296937308700,0.31630859375,0.0575970334440469,-0.0118790773922519,0.0094797166414326,-0.0063995597884058,-0.0014815758913755,0.0012584971264004,still,queen
1772702296947256800,0.3262568359375,0.0550537787020206,-0.0127097891704179,0.0124311035181337,-0.0066976342350244,0.000397466123104,-0.0014561165589839,still,queen
1772702296957204700,0.336204833984375,0.0561024109721183,-0.0267340219402685,0.0217336860524606,-0.0081698298454284,0.000575631391257,-0.0008555736858397,still,queen
1772702296967153000,0.34615283203125,0.0457785853564739,-0.0202031520169344,0.0124736366187629,-0.0086027886718511,-0.0023941728286445,0.0013273647055029,still,queen
1772702296977100800,0.356100830078125,0.0442827938407659,-0.0211053684035316,0.0104920320642006,-0.0065566818229854,-0.0013741822913289,0.0014578597620129,still,queen
1772702296987048000,0.3660478515625,0.0489215595573186,-0.0234741661943728,0.0108944046033022,-0.0039990069344639,0.0002263411879539,0.0021912367083132,still,queen
1772702296996995800,0.375995849609375,0.0493710568904876,-0.0152438719420111,0.0117338887763908,-0.0022972468286752,-0.0002423753030598,0.0001219608820974,still,queen
1772702297006944000,0.385944091796875,0.0564040242671966,-0.001421829517887,-0.0022073418851243,0.0004973374307155,0.0008991304785013,0.0003370675258338,still,queen
1772702297016891600,0.3958916015625,0.0492214192867279,-0.003045893905629,0.0081585339156037,0.0023082867264747,0.0011409458238631,-0.0004232651554048,still,queen
1772702297026839800,0.40583984375,0.0490717816829681,-0.0029535343096591,0.0096485041869455,0.0027323241811245,0.0029017978813499,0.000835086684674,still,queen
1772702297036787700,0.41578759765625,0.0507172108024358,-0.0038371116403344,0.0134165332172648,0.0048085246235132,-0.0018157255835831,0.0004057851620018,still,queen
1772702297046734800,0.42573486328125,0.0454793101489543,-0.0098684830635786,0.0162253310022118,0.006873938255012,-0.0012608454562723,-0.0005708751268684,still,queen
1772702297056682800,0.435682861328125,0.0552051698714494,-0.0144272023889294,0.0114353259549243,0.0063197347335517,-0.0010946644470095,0.000455773435533,still,queen
1772702297066631000,0.445630859375,0.0513140076518058,-0.016438929228764,0.0024153723123483,0.0082076238468289,0.0027945791371166,-1.64159573614e-05,still,queen
1772702297076578800,0.455578857421875,0.0583463905066251,-0.0227625792923383,0.0129198597160342,0.004768684040755,0.0005093207582831,0.0013007838279008,still,queen
1772702297086527000,0.46552685546875,0.0532581274569034,-0.0172445191237609,0.0101240858094417,0.0047224825248122,0.0008551902137696,-0.0012531301472336,still,queen
1772702297096473900,0.475473876953125,0.0581961683809757,-0.0183227953301626,0.0064566630428074,0.0005391892045736,0.0018099334556609,0.0007634153589606,still,queen
1772702297106422000,0.485422119140625,0.0581961683809757,-0.0085362515040615,0.0148512239291914,-0.0029477276839315,-0.0006574867293238,-0.000600034603849,still,queen
1772702297116369700,0.49536962890625,0.0564011016577482,-0.0089534585694025,0.0144067840803414,-0.0052028927020728,4.66527417302e-05,0.0021337000653147,still,queen
1772702297126317800,0.50531787109375,0.0552045853495597,-0.0069958719279558,0.009494008886622,-0.0033380533568561,0.002022041240707,0.000202399212867,still,queen
1772702297136265700,0.515265625,0.0623877748519182,-0.0155787139365449,0.0109534241894958,-0.0075154877267777,0.0009562443010509,-0.0014138733968138,still,queen
1772702297146214000,0.5252138671875,0.0529611903369426,-0.0106014917795546,0.01235408020108,-0.0075870836153626,-0.0005774009041488,-0.0009085927158594,still,queen
1772702297156160800,0.535160888671875,0.0546077885001897,-0.0171700176990008,0.0157670327330124,-0.0016500987112522,-0.0035918331705033,0.0009934366680681,still,queen
1772702297166109000,0.54510888671875,0.0435340213000774,-0.0199719347936566,0.0118266302523843,-0.0026485174894332,-0.0049676219932734,0.0006566145457327,still,queen
1772702297176056800,0.555056884765625,0.0466758264571428,-0.0020122970911703,0.0102228380427579,-0.0028008501976728,-0.0043242019601166,-0.0006342194974422,still,queen
1772702297186005000,0.5650048828125,0.0577490091353654,-0.0049242595647141,-0.0007175748264708,-0.0008090632036328,0.0010523041710257,0.001484006177634,still,queen
1772702297195953000,0.574952880859375,0.0496691630542278,-0.000614077348556,0.002939481809776,0.0009669992141425,0.0041426364332437,-0.0015362848062068,still,queen
1772702297205899800,0.584899658203125,0.0573006808459758,-0.0009045738821092,0.0031313853693951,0.0025317664258182,0.000856255646795,0.0001405593939125,still,queen
1772702297215847700,0.59484765625,0.0540080690413713,-0.0001915610663243,0.0036169757876079,0.0043544340878725,-0.0010987711139023,-0.0047085243277251,still,queen
1772702297225795800,0.6047958984375,0.0430839394450187,-0.0104536248661286,0.0162737127466709,0.0040969243273139,-0.0029638614505529,0.0011740392073988,still,queen
1772702297235743700,0.61474365234375,0.0462251600801944,-0.0235762999781523,0.0229913716630893,0.0101676005870103,-0.0036909040063619,-0.0036167213693261,still,queen
1772702297245692000,0.62469189453125,0.0574468113183975,-0.0171406386241782,0.0179855558825656,0.0094814877957105,-0.0034495806321501,0.001850969158113,still,queen
1772702297255638800,0.634638671875,0.0623830986768007,-0.0149201175970723,0.012719977204292,0.0085302060469985,-0.0037989877164363,-0.0003216378390789,still,queen
1772702297265587000,0.6445869140625,0.0577425793945789,-0.0089449498943169,0.0073570619316538,0.0077675329521298,-2.61659733951e-05,-1.3364478945e-06,still,queen
1772702297275534800,0.654534912109375,0.0544499675899744,0.0053418291021254,0.0006190486387291,0.0065368860960006,0.001874532084912,0.0007121246308088,still,queen
1772702297285483000,0.66448291015625,0.0664203913688659,0.0076179527739877,-0.0019557874100049,0.0025766773615032,0.0003191730938851,0.0001625902950763,still,queen
1772702297295431000,0.674430908203125,0.0619312632560729,0.0013401168968062,0.0122787545091239,0.0005822363309562,0.0004438092000782,0.0006326385773718,still,queen
1772702297305378800,0.68437890625,0.0517564907222986,-0.0195202089707832,0.0127673234773566,-0.000910916365683,-0.0018476163968443,-0.0011486038565635,still,queen
1772702297315325700,0.69432568359375,0.0602858341366052,-0.0216909702887409,0.028308105139865,-0.0032587586902081,-0.0023176646791398,0.0015401234850287,still,queen
1772702297325273900,0.70427392578125,0.0532528667598962,-0.0309607179909013,0.01468216695562,-0.0038073700852692,-0.0038788099773228,-0.0009162563364952,still,queen
1772702297335221800,0.7142216796875,0.0541506923824548,-0.0349711386590613,0.0093345303088601,-0.0024243905209004,-0.0008867480792105,-0.0012265145778656,still,queen
1772702297345169700,0.724169677734375,0.0653740971863269,-0.0385175905107054,-0.0051251404444104,-0.0038442565128207,0.0004718527197837,0.0002601104788482,still,queen
1772702297355117800,0.734117919921875,0.0589408492684364,-0.0180889283504278,0.0006668070453917,-0.0042408015578985,0.0024098348803818,0.0010452107526361,still,queen
1772702297365065000,0.74406494140625,0.0755512078076601,0.0015831535636854,0.0042293811980634,-0.0030324403196573,0.0003645988181233,-0.0008316272869706,still,queen
1772702297375012900,0.754012939453125,0.0456242715775966,0.0036322053227806,0.0100958666452439,-0.002770384773612,0.0017995098605751,-0.0002832827158272,still,queen
1772702297384960800,0.763960693359375,0.0601391191422939,0.0025647370631166,0.016448064666579,-0.003667561803013,-0.0042322808876633,0.0013001826591789,still,queen
1772702297394909000,0.773908935546875,0.0611865823686122,0.0066239687339984,0.0122753090265789,-0.0015306412242352,-0.0031813979148864,0.0022205710411071,still,queen
1772702297404856800,0.78385693359375,0.0549018030107021,0.003967486850376,0.0138104313306103,0.00040660565719,0.0025723986327648,0.0023498949594795,still,queen
1772702297414805000,0.793804931640625,0.0583434678971767,-0.0020618484502309,0.0103129799946444,0.0018905191682279,0.0046957368031144,0.0009296312928199,still,queen
1772702297424751900,0.803751953125,0.056847091859579,-0.0170690598088665,0.0102500114607624,0.0040762620046734,0.0015639325138181,0.0012102960608899,still,queen
1772702297434698200,0.8136982421875,0.0417336938798427,-0.0317051066174171,0.0101362488879822,0.0051591033115983,0.0002480647526681,0.0012800707481801,still,queen
1772702297444646400,0.823646484375,0.0583422988533973,-0.0307351382072549,0.0134780518628656,0.005218322854489,-0.0014883931726217,0.0032293950207531,still,queen
1772702297454594300,0.83359423828125,0.0487643231689929,-0.0287817756497766,0.0097225523789122,0.0042414753697812,-0.0053518405184149,-0.0014937212690711,still,queen
1772702297464542500,0.84354248046875,0.0562456188350915,-0.0155722259718982,0.0040032077593728,0.0014110542833805,-0.0009761857800185,-0.0007201137486845,still,queen
1772702297474489000,0.853489013671875,0.0623813451111316,-0.0070247658039443,0.0087709986915637,-0.0042883772403001,0.0046974127180874,-0.0010543405078351,still,queen
1772702297484437200,0.863437255859375,0.0780938780277967,0.0016987404840823,0.0105764007207821,-0.0035102204419672,0.003189031034708,-0.0007645853329449,still,queen
1772702297494385200,0.87338525390625,0.0553501313000917,0.0041225746640993,0.0092846278941724,-0.0057147848419845,-0.0006666933186352,0.0002948204055428,still,queen
1772702297504333300,0.883333251953125,0.0608873071610927,0.0045069480389181,0.005597274301073,-0.0074167284183204,-0.0040307939052581,-0.0001609730534255,still,queen
1772702297514281200,0.89328125,0.0727086778581142,-0.0144686315195052,0.0083782285228022,-0.0048260050825774,-0.0033069467172026,0.0028140437789261,still,queen
1772702297524229400,0.9032294921875,0.0563987635701894,-0.0258504897045437,0.0093377737203612,-0.0026588402688503,-0.001715931110084,0.0005168146453797,still,queen
1772702297534176300,0.91317626953125,0.0661252078145742,-0.0296297890475485,0.0103714219088142,-0.001016201917082,0.0008324477821588,0.0017389394342899,still,queen
1772702297544124400,0.92312451171875,0.0590928249597549,-0.0220035022700554,0.0035817937347281,-0.0020950292237102,-0.0003731315955519,-0.0003466140478849,still,queen
1772702297554072300,0.933072265625,0.0526578234761953,-0.0185947977966221,0.0011353275977948,0.001305827870965,-0.0018442617729306,-0.0015128122176975,still,queen
1772702297564020500,0.9430205078125,0.0659755702108144,-0.0054447666035033,0.0098898181125521,0.0017363221850246,-0.0036713820882141,0.0015455819666385,still,queen
1772702297573968400,0.952968505859375,0.059241878041625,-0.0011610260113433,-0.0004263961604388,-0.0019931686110794,-0.0010982360690832,-0.0004009227268397,still,queen
1772702297583915300,0.962915283203125,0.069417235097289,0.0054770203387131,0.0061394012290926,0.0008886931464076,0.0019752390217036,0.0005986681208014,still,queen
1772702297593863200,0.97286328125,0.1117652614831924,0.0156940405620378,0.0112027319086017,0.0254963003098964,0.0428081564605236,0.0002902741543948,still,queen
1772702297603811300,0.982811279296875,0.0863274533659219,0.0049089529685501,-0.0342092805912252,0.0349298119544982,0.0758644342422485,0.0028546038083732,still,queen
1772702297613759200,0.99275927734375,0.053402504363656,0.0050091196991736,-0.0316706746248528,0.0344600304961204,0.0632266700267791,0.0041536940261721,still,queen
1772702297623707400,1.002707275390625,0.0309480959713459,-0.0145187154556391,0.016461798647698,0.0327681899070739,0.0269841942936182,0.0067111058160662,still,queen
1772702297633655300,1.0126552734375,0.0002659574598073,-0.0215588660583831,0.0429723231635522,0.0166014693677425,-0.0145153123885393,0.0085177943110466,still,queen
1772702297643602400,1.0226025390625,0.0132850135087966,-0.036207393322594,0.0488634407284902,-0.0124930310994386,-0.0404409207403659,0.0073526613414287,still,queen
1772702297653550300,1.03255029296875,0.0958919850468635,-0.035468998328736,0.0359468792228843,-0.03688545525074,-0.0502725094556808,0.0058687478303909,still,queen
1772702297663498500,1.04249853515625,0.0815337893486023,-0.0260921438401564,0.0371141511702793,-0.0510273538529872,-0.0699827969074249,-0.0033328330609947,still,queen
1772702297673446400,1.0524462890625,0.0499602549552917,0.0050652406504494,0.021360256480053,-0.0510752908885479,-0.0752771571278572,-0.0071624587289988,still,queen
1772702297683394600,1.06239453125,0.0932037688761949,0.0034585555141267,-0.0120994775356375,-0.048747032880783,-0.0066473428159952,-0.0072804791852831,still,queen
1772702297693342500,1.072342529296875,0.1681792226225137,-0.0117831016379117,-0.0780461755617056,-0.0407548882067203,0.0554804764688015,-0.0019909087568521,still,queen
1772702297703289300,1.082289306640625,0.1189572188138961,-0.0210729342885199,-0.0566435823438456,-0.0340899489820003,0.0641375705599784,0.0001408271491527,still,queen
1772702297713237200,1.0922373046875,0.0296264919787645,-0.0139403093545523,0.0129470571085694,-0.0212556421756744,0.0213498920202255,0.0031541939824819,still,queen
1772702297723185400,1.102185302734375,-0.0127215344071388,-0.0204810579261509,0.0645479394273366,-0.0114646460860967,-0.0309321768581867,0.0021745413541793,still,queen
1772702297733133300,1.11213330078125,-0.0246960498392581,-0.0172801761006761,0.0743017557358369,0.0022333241067826,-0.0496507361531257,0.000719656702131,still,queen
1772702297743081200,1.122081298828125,0.0139057757556438,-0.0184533012584783,0.0339919526126934,0.0116790551692247,-0.0271988064050674,0.0008316761814057,still,queen
1772702297753028400,1.1320283203125,0.0743593676745891,-0.0067792928680952,-0.0138054731693468,0.0214557852596044,0.0147308018058538,4.25819307565e-05,still,queen
1772702297762976500,1.1419765625,0.0893266351819038,0.0055609757200523,-0.0418162667299155,0.0253879614174366,0.038243617862463,-0.003019880503416,still,queen
1772702297772924400,1.15192431640625,0.0805009391695261,0.0079558429588447,-0.0202170321285258,0.0357774868607521,0.0252327434718608,-0.001686702016741,still,queen
1772702297782872300,1.161872314453125,0.0339624753564596,0.0083462750400474,0.0113086879175505,0.0348204523324966,-0.0058955741114914,-0.0018001897260546,still,queen
1772702297792820200,1.1718203125,0.0210895497798919,0.0031381838612956,0.0359111594555317,0.0338081866502761,-0.0238753743469715,0.0033948388881981,still,queen
1772702297802768100,1.18176806640625,0.0490659364640712,-0.003490066038887,0.0403689265989698,0.0300981812179088,-0.0161322280764579,0.0021265367977321,still,queen
1772702297812715300,1.19171533203125,0.0759954444438219,-0.0074579638812167,0.0198498656168347,0.0255042277276515,0.0053285886533558,-0.0016239928081631,still,queen
1772702297822663400,1.201663330078125,0.1081657756865024,-0.0277347005825256,-0.0067403102812881,0.0130002330988645,0.0180101860314607,-0.0003714454360306,still,queen
1772702297832611300,1.211611328125,0.105023970529437,-0.0275886865578242,0.0044106857318547,-0.000282016582787,0.0160833895206451,-0.003675895743072,still,queen
1772702297842559200,1.221559326171875,0.0798866066634654,-0.0368152504220954,0.0088120191134745,-0.0110434889793396,-0.0017404272221028,0.0021494715474545,still,queen
1772702297852507400,1.23150732421875,0.0628296734005212,-0.0310551000097766,0.0178604613483068,-0.0196431037038564,-0.0123906750231981,0.0028778458945453,still,queen
1772702297862455300,1.241455322265625,0.0731570061475038,-0.0266565682233078,0.0087791785730863,-0.0230281371623277,-0.0124079436063766,0.0026959157548844,still,queen
1772702297872402400,1.25140234375,0.0818389097750186,-0.0093727080364245,0.0005674554488097,-0.0263376478105783,0.0006229034624993,0.0005888226442039,still,queen
1772702297882350300,1.261350341796875,0.0888747997611761,0.0074227007715904,-0.0030584571305022,-0.0262124966830015,0.010803248733282,-0.0005800335202366,still,queen
1772702297892298200,1.27129833984375,0.0692757807999849,0.0008235839218803,0.0011666132186248,-0.0209399685263633,0.0093339830636978,0.0015222658403217,still,queen
1772702297902246100,1.28124609375,0.0412947179406881,-0.0059913847602612,0.0175147600330412,-0.0158722233027219,-0.0010679373517632,0.0019105495885014,still,queen
1772702297912194300,1.2911943359375,0.0444371076196432,-0.0178244447534321,0.0167968427132756,-0.0088318921625614,-0.0085908342152833,0.0005440819077193,still,queen
1772702297922141400,1.301141357421875,0.0468307247579097,-0.0227072004098678,0.0106263145519129,-4.33344393968e-05,-0.0077649154700338,0.0004755076952278,still,queen
1772702297932089300,1.31108935546875,0.0478781879842281,-0.0225589487623074,0.0114498077130701,0.0083560086786746,0.0017638746649026,-0.0013852431438863,still,queen
1772702297942037200,1.321037353515625,0.0611959347188472,-0.0261311104439431,8.72444586129e-05,0.0122048128396272,0.0097928624600172,-0.0019412206020206,still,queen
1772702297951985400,1.3309853515625,0.063439914253354,-0.016708663247968,0.0106155385712161,0.0171564277261495,0.0069504710845649,-0.0017553318757563,still,queen
1772702297961933300,1.340933349609375,0.0519172342419624,-0.0067628811602335,0.015927099257597,0.0181769803166389,-0.003855510149151,0.0001395838335156,still,queen
1772702297971881500,1.350881591796875,0.0468272176265716,-0.0001317811450164,0.0160692225584702,0.0193852558732032,-0.0061466270126402,0.0001124194823205,still,queen
1772702297981828000,1.360828125,0.0661281304240226,-0.006373028463521,0.0156559827071265,0.0137961748987436,-0.0081873964518308,0.0001489631831645,still,queen
1772702297991776300,1.3707763671875,0.0680710811853408,0.0028878760617692,0.007291480173933,0.0116664450615644,5.02937473356e-05,0.0016858736053109,still,queen
1772702298001724200,1.38072412109375,0.0810889681905508,-0.0057421763642108,-0.0075683460451778,0.0071325064636766,0.0060431263409554,0.0001084520481526,still,queen
1772702298011672300,1.39067236328125,0.0742056384176015,-0.006739098996669,0.0038541278488613,-3.37935052812e-05,0.0075952168554067,-0.0003418885171413,still,queen
1772702298021620200,1.4006201171875,0.0727098469018936,-0.0183382315029564,0.0137197231231431,-0.0041352189145982,0.0017173059750348,-0.0007324344478547,still,queen
1772702298031568400,1.410568359375,0.0610386983305215,-0.0350395391365978,0.0145749825373874,-0.0074673653580248,-0.0055856145918369,0.0015711998566985,still,queen
1772702298041515300,1.420515380859375,0.0664262365877628,-0.0295460745531599,0.009448139901302,-0.0093020629137754,-0.0044942554086446,0.0001553012989461,still,queen
1772702298051463400,1.43046337890625,0.0653793578833341,-0.0229633899609092,0.017285934554605,-0.0087143033742904,-0.0010483912192285,0.0007185600697994,still,queen
1772702298061411300,1.440411376953125,0.0679249507129192,-0.0202058851134264,0.0097411109489097,-0.0097049847245216,0.0064799520187079,0.0002101575955748,still,queen
1772702298071359500,1.450359375,0.0613420651912689,-0.0032874104731017,0.0036025356994796,-0.008507627993822,0.008337240666151,0.0003315978683531,still,queen
1772702298081307400,1.460307373046875,0.0656827247440814,0.0014916530550632,0.0166276647254067,-0.0058915358968079,-0.0004267385229468,-0.00042609218508,still,queen
1772702298091255600,1.470255615234375,0.0525152001351118,-0.0002801001495914,0.0162887813099951,-0.0047953785397112,-0.0028904285281896,0.0021635657176375,still,queen
1772702298101202200,1.4802021484375,0.05386135404706,-0.0003133294198691,0.0192211461091064,0.0007579517550766,-0.007023436948657,-0.0019780395086854,still,queen
1772702298111150300,1.490150390625,0.051916065198183,-0.0003915663048304,0.0071708723018353,0.0026298877783119,-0.0017788736149668,-0.0004680273123085,still,queen
1772702298121098200,1.50009814453125,0.0558060583740472,-0.0112636203665402,0.0116551792506827,0.0068107801489531,0.0024426784366369,-0.0006843670271337,still,queen
1772702298131046400,1.51004638671875,0.0635866292476654,-0.0201260019773617,0.0030734001129516,0.0082483552396297,0.0038317833095788,3.06917354464e-05,still,queen
1772702298140994300,1.519994384765625,0.0552063389152288,-0.0287849722538609,0.0061460324701009,0.0113410521298646,5.79319894313e-05,-0.0026688550133258,still,queen
1772702298150942200,1.529942138671875,0.0480231494128704,-0.0267185321101918,0.0124761904770974,0.0078371316194534,-0.0039618434384465,0.001168227288872,still,queen
1772702298160889300,1.539889404296875,0.0496679940104484,-0.0164738532700284,0.0160530454585154,0.0067476951517164,-0.0003585494123399,-0.0014911373145878,still,queen
1772702298170837500,1.54983740234375,0.0727110159456729,-0.0161010470354172,0.0041844358029949,0.0050102486275136,-2.13929452002e-05,-0.0023260382004082,still,queen
1772702298180785400,1.559785400390625,0.0638823973238468,0.0013318468253826,0.0064169041378656,-3.01753170788e-05,0.0005625649355351,0.0013676304370164,still,queen
1772702298190733300,1.5697333984375,0.0780979696810245,-0.0058501793414179,0.0148598798763938,-0.0033370219171047,0.0001279371790587,0.0005969116464257,still,queen
1772702298200681500,1.579681396484375,0.0827373199194669,-0.0014382777583668,0.0084353461295657,-0.0059317867271602,0.0019402126781642,-1.52452848851e-05,still,queen
1772702298210629000,1.589629150390625,0.0725631319075822,-0.0133358303805813,0.0114055747040547,-0.0083166472613811,-0.0005383915267884,1.21854245662e-05,still,queen
1772702298220576300,1.599576171875,0.0567021304309368,-0.0215196254599606,0.0200777560885762,-0.0067036803811788,0.0019900614861398,0.0021929079666733,still,queen
1772702298230524400,1.6095244140625,0.0757066906303167,-0.0212907006584689,0.0126155327324173,-0.0067228553816676,-0.0014038709923624,-0.0015384468715637,still,queen
1772702298240472300,1.619472412109375,0.0456301167964935,-0.0258109066128265,0.0070873182084731,-0.0052224150858819,-0.0018744207918643,0.0004745419137179,still,queen
1772702298250420200,1.629420166015625,0.0634375761657953,-0.0198817083600908,0.002848936857446,-0.0017650993540883,0.0040098335593938,-0.0008477175142616,still,queen
1772702298260368400,1.639368408203125,0.0442839628845453,-0.0073585951599699,0.0091530539575993,0.0013001612387597,-0.0004566432908177,-0.0025412021204829,still,queen
1772702298270316300,1.64931640625,0.0553571455627679,-0.0025003722982364,0.0127386910379165,0.0028072441928088,-0.0029288558289408,-0.0005427659489214,still,queen
1772702298280263400,1.659263427734375,0.0565536618709564,0.0035189119658141,0.0146483012186363,0.0038466197438538,-0.0017036339268088,0.0013512857258319,still,queen
1772702298290211300,1.66921142578125,0.066578796800971,-0.0006582218801369,0.0050711469473171,0.0034335632808506,0.0010095946490764,-0.0002122558653354,still,queen
1772702298300159200,1.6791591796875,0.0580494533866643,-0.005039550228411,0.0109148708609514,0.0036855463404208,0.0034828782081604,-0.0001006117090582,still,queen
1772702298310107100,1.689107177734375,0.0674766224235296,-0.0010059838633926,0.0114750848598661,0.003829889697954,0.0023217399138957,-0.0003317738883197,still,queen
1772702298320055300,1.69905517578125,0.064184010618925,-0.0104752042269858,0.0095116193210153,0.0003874083049595,-0.0015967260114848,0.0014699543826282,still,queen
1772702298330003200,1.709003173828125,0.0704687899768352,-0.0180491329128679,0.0125132996255822,0.0002566473558545,-0.0005503701977431,0.0021751592867076,still,queen
1772702298339950300,1.718950439453125,0.0629869097888469,-0.0198491029984317,0.0090331436301785,0.0004648137837648,-0.0019703777506947,-0.0011315736919641,still,queen
1772702298349898200,1.728898193359375,0.06104162093997,-0.0249174055389361,0.0121569113778765,-0.0025826408527791,0.0012232852168381,-6.3879415392e-06,still,queen
1772702298359846400,1.738846435546875,0.0558043048083782,-0.0269258501513628,0.0160775896696606,-0.0044192825444042,-0.0005599516443908,-0.001288964645937,still,queen
1772702298369794300,1.748794189453125,0.0573012653678655,-0.0163420732666563,0.0028815102530643,-0.0003156182356178,0.0033157467842102,0.000153137370944,still,queen
1772702298379742500,1.758742431640625,0.0553565610408782,-0.0049953765849,0.0051345687139924,-0.0058359280228614,-0.0005393093451857,-0.0025445548817515,still,queen
1772702298389690400,1.7686904296875,0.0505687422424554,-0.0102825334823864,0.0151458960268297,-0.0064140995964407,0.0032517004292458,0.0006003719754517,still,queen
1772702298399637200,1.77863720703125,0.0550584548771381,-0.0080470289444579,0.0086217543842707,-0.0044255498796701,-0.0008656103163957,0.0025104279629886,still,queen
1772702298409585200,1.788585205078125,0.0559562804996967,-0.0096098127194389,0.003151167211277,-0.0034958403557538,0.0031560291536152,-0.000472045969218,still,queen
1772702298419533300,1.798533203125,0.0547597641915082,-0.0097490419519715,0.003652766336908,-0.0003201146610081,0.0029554832726716,0.0016260384581983,still,queen
1772702298429482000,1.80848193359375,0.0516173745125532,-0.0140014284246426,-0.0001146456346585,0.0006612604483962,0.0012697023339569,-0.00016307272017,still,queen
1772702298439430000,1.818429931640625,0.0445844071358442,-0.0118385364609537,0.0073007252096023,-0.0003271936438977,0.0027396327350288,0.0005098329856991,still,queen
1772702298449378000,1.8283779296875,0.0546101265877485,-0.0135225211922544,0.0085117883496626,0.0003417925909161,0.0020749075338244,-0.0015850095078349,still,queen
1772702298459326000,1.838325927734375,0.0659825844734907,-0.0111862031821976,0.010359176631883,0.0013157725334167,-0.0010659880936145,0.0025333357043564,still,queen
1772702298469272800,1.84827294921875,0.0632891076058149,-0.0152072639753809,0.0030712732295913,0.0027112688403576,-0.0009876913391053,0.0007130648009479,still,queen
1772702298479221000,1.858220947265625,0.061492871838808,-0.0042661706861399,0.0091205073906225,0.0004294705577194,0.0010263677686452,0.0018043494783341,still,queen
1772702298489169000,1.8681689453125,0.0619417846500873,-0.0076349564244272,0.0086669281082024,-0.0002653482370078,0.0004798867739737,0.0006456081755459,still,queen
1772702298499116800,1.87811669921875,0.0628396102726459,-0.010807325683115,0.0102262949417461,0.0002245823852717,0.0024867467582225,0.001473793759942,still,queen
1772702298509065000,1.88806494140625,0.0567050530403852,-0.0117890849957708,0.0161687271353905,-0.002198894508183,0.0008228039368987,0.000362723134458,still,queen
1772702298519012900,1.898012939453125,0.0582014290779829,-0.0198022750318865,0.0135283744026615,0.0007493579760193,0.0019630694296211,0.0019323229789733,still,queen
1772702298528960000,1.9079599609375,0.0426391182869672,-0.0275585836805053,0.0102391544233192,-0.0025665434077382,0.0002764896489679,0.0009349691681563,still,queen
1772702298538908000,1.917907958984375,0.0616436784863471,-0.0193908264204743,0.0122194392370525,-0.005182588007301,-0.0021955794654786,-0.0013553206808865,still,queen
1772702298548856000,1.92785595703125,0.0565559999585151,-0.0292512312088743,0.009694772747776,-0.0015937117859721,0.0001338878646492,-0.0005574375391006,still,queen
1772702298558804000,1.937803955078125,0.0529646974682807,-0.0260347419639583,-0.0002392732363921,-0.0031538112089037,-0.0017994227819144,0.0014849444851279,still,queen
1772702298568752000,1.947752197265625,0.0513186838269233,-0.0098676108473213,0.0103300498604541,-0.0019396757706999,-0.0011432198807597,0.0006511085666716,still,queen
1772702298578700000,1.957699951171875,0.0605967997819185,-0.006388432670274,0.0117535182087565,-0.003559410572052,0.0016203424893319,-0.0016165731940418,still,queen
1772702298588647000,1.96764697265625,0.0656844783097505,-0.0045362460569944,0.0128525940329476,-0.002056854777038,-0.0005192412063479,0.0004532355815172,still,queen
1772702298598594800,1.9775947265625,0.0525163691788911,-0.0006994084112957,0.0076999251191504,-0.0004166755825281,0.0003590327687561,-0.0015854816883802,still,queen
1772702298608543000,1.98754296875,0.0528156443864107,-0.0071942788644199,0.0030434011252655,0.0010640416294336,0.0022557363845407,0.0007202830165624,still,queen
1772702298618491000,1.997490966796875,0.0580535450398921,-0.0168258621701388,0.0052396148324216,0.0013317205011844,0.0012609302066266,-0.0003485423512756,still,queen
1772702298628439000,2.00743896484375,0.0574549946248531,-0.0257302699915133,0.0083555023802298,0.0035642485599964,0.0009698467329144,-0.0005813026800751,still,queen
1772702298638387000,2.017386962890625,0.0543120204240083,-0.0140760405889013,0.006317590215546,0.0016274699009954,0.0020529336761683,-0.0004588407464325,still,queen
1772702298648334000,2.027333984375,0.0520674563676118,-0.0167249933282611,0.0062032396959431,0.003652271348983,0.0003985781222581,-0.0026096096262335,still,queen
1772702298658282000,2.037281982421875,0.0547609332352876,-0.0113378318136441,0.0118707513802568,0.0023686317726969,0.0003297780640423,-0.0005772486329078,still,queen
1772702298668230100,2.047230224609375,0.06598375351727,-0.0134447204154217,0.002338538508251,-0.000362972728908,-0.0002031200565397,-0.0004121325910091,still,queen
1772702298678178000,2.057177978515625,0.0619435382157564,-0.0119455096749879,0.0113770176131394,-0.0015449146740138,0.0018554204143583,0.0039879870600998,still,queen
1772702298688126000,2.0671259765625,0.0625420886307954,-0.0075853685327485,0.015473520545999,0.0005312855355441,-0.0018146815709769,0.0014523915015161,still,queen
1772702298698073900,2.077073974609375,0.056257893794775,-0.0112688239813316,0.0123751812129688,-0.0027458630502223,-0.000699752010405,0.001734247431159,still,queen
1772702298708021000,2.08702099609375,0.0511702152669429,-0.014239654202375,0.0128552529225591,-0.0017200130969285,-0.0015469035133719,0.0013571437448263,still,queen
1772702298717969000,2.096968994140625,0.0561082561910152,-0.0168891686307382,0.0048103405866626,4.86285425722e-05,-0.00263685407117,-0.0007084188982844,still,queen
1772702298727917000,2.1069169921875,0.0589513706624507,-0.0200335767368436,0.0120829670755425,-0.0012760274112224,-0.0006211074069142,0.0004931995645165,still,queen
1772702298737865000,2.116864990234375,0.0433890598714351,-0.0206828275759471,0.0042158487171662,-0.0020007267594337,-0.002489729784429,0.000282899942249,still,queen
1772702298747812900,2.126812744140625,0.0550607929646968,-0.0183534701712836,0.0052046702415595,-0.0007871240377426,0.002025926252827,-0.000349867157638,still,queen
1772702298757761000,2.136760986328125,0.055360652694106,-0.0218302577451337,0.0100579834619129,-0.0010116747580468,-8.55545513331e-05,-0.0007679441478103,still,queen
1772702298767708200,2.146708251953125,0.0538642766565084,-0.0257321537046344,0.0198595284943236,0.0021753301844,-0.0013223267160356,-0.0003586164675652,still,queen
1772702298777655800,2.15665576171875,0.051768765681982,-0.009542824455921,0.0161311944368644,0.0013330653309822,-0.0073159532621502,-0.0014860907103866,still,queen
1772702298787604000,2.16660400390625,0.0520680408895015,-0.0069423014100815,0.0123005507824011,0.0023149729240685,0.0022895361762493,-0.0013934127055108,still,queen
1772702298797551900,2.1765517578125,0.0582025981217622,-0.0020407417301204,0.0116218752027023,0.0018990186508744,0.0009393994696438,-0.0015678056515753,still,queen
1772702298807499800,2.186499755859375,0.056856444209814,-0.0017164696494844,0.007211650124329,0.0011125872842967,0.003716277424246,0.0002093217335641,still,queen
1772702298817448000,2.196447998046875,0.0622433979451656,-0.0123483114723523,0.0068358328028349,-0.000736204907298,0.0015360771212726,0.0032966891303658,still,queen
1772702298827395800,2.206395751953125,0.0674807140767574,-0.0060333904212166,0.0054461280143499,-0.0012760274112224,-0.0022578621283173,-0.0005190880037844,still,queen
1772702298837343000,2.216343017578125,0.0487760136067867,-0.0123828245216631,0.0048614331655495,-0.0019261240959167,0.0006773537024855,0.0021436149254441,still,queen
1772702298847291000,2.226290771484375,0.0589513706624507,-0.0168116669647162,0.0098403460977715,0.0003460845910012,-0.0002164030447602,0.000409364234656,still,queen
1772702298857239000,2.236239013671875,0.0520680408895015,-0.0186730814890004,0.0106714414684276,0.0008515720255672,-0.0020791282877326,0.0002551367506384,still,queen
1772702298867187000,2.24618701171875,0.0552104305684566,-0.0206818822944536,0.0093873279335326,-0.0001207483001053,-0.0018548904918134,0.0013851160183548,still,queen
1772702298877135000,2.256135009765625,0.0538636921346187,-0.0236878089450532,0.0076923223388293,0.0012954217381775,0.0011637564748525,-0.0006477900315076,still,queen
1772702298887083000,2.2660830078125,0.0520680408895015,-0.011035705920268,0.0101605316625791,0.0011585350148379,0.0028039973694831,0.0001253257505595,still,queen
1772702298897030000,2.27602978515625,0.0631412235677242,-0.0263424425065284,0.0102423464608262,-0.0004723165184259,-0.0025240979157388,-0.0011097143869847,still,queen
1772702298906977800,2.285977783203125,0.0605967997819185,-0.0130794010842335,0.013116078691167,-0.0001743086613714,-0.0009464411996304,-0.0022703199647367,still,queen
1772702298916926000,2.295926025390625,0.0541623828202486,-0.0032212350603367,0.0054287339215545,-1.58385373651e-05,-0.0028320574201643,5.39212487637e-05,still,queen
1772702298926873900,2.305873779296875,0.0570054972916841,-0.0001210947833984,0.0016628939942107,-0.0014291782863438,-0.0043583153747022,-0.0006651319563388,still,queen
1772702298936822000,2.315822021484375,0.0596989741593599,-0.0114199434394133,0.0124387502517609,0.0009943330660462,-0.0017183092422783,-0.0020319165196269,still,queen
1772702298946770000,2.32577001953125,0.0589507861405611,-0.0114857866336824,0.0039223405259079,0.0010097790509462,0.0016127726994454,-0.0037307469174265,still,queen
1772702298956717000,2.335717041015625,0.0447346292614936,-0.0069310596385039,0.0026274059153656,0.0013310806825757,0.0009453347884118,-0.0032994463108479,still,queen
1772702298966665000,2.3456650390625,0.0487748445630073,-0.0157311417190125,0.0118778478413238,-0.0022809645161032,0.0009463997557759,-0.0002551870420575,still,queen
1772702298976613000,2.355613037109375,0.0456324548840522,-0.0305299459077999,0.0159615186920738,0.0013716900721192,-0.0027328333817422,-0.0013788323849439,still,queen
1772702298986561000,2.36556103515625,0.0471288309216499,-0.0175503998852917,0.0090018380305729,0.0032422945369035,-0.0005823308601975,0.0012323972769081,still,queen
1772702298996509000,2.375509033203125,0.0475771592110395,-0.0078805737782822,0.0102336448478512,0.0014585093595087,-0.0040756934322416,0.0012282039970159,still,queen
1772702299006456800,2.385456787109375,0.0540115761727094,-0.0145192497451789,0.006205621736808,-0.0019929474219679,-0.0032873968593776,0.0001735920086503,still,queen
1772702299016404000,2.395404052734375,0.0592483077824115,-0.0094920869284163,0.0013817652230907,0.0010388190858066,0.0022949704434722,-0.0005846819840371,still,queen
1772702299026351900,2.405351806640625,0.0628396102726459,-0.0193462429266539,0.0029660632852028,-0.0006368421018123,-0.0023200213909149,0.0012779328972101,still,queen
1772702299036300000,2.415300048828125,0.0537117164433002,-0.016447171900724,0.00698605378684,0.0025508317630738,-0.0014703311026096,-0.0002445071004331,still,queen
1772702299046248000,2.425248046875,0.0568541061222553,-0.0135795725836476,0.0147767955696675,0.0001846132799983,-6.84428960084e-05,-0.0025593265891075,still,queen
1772702299056196000,2.435196044921875,0.0541606292545795,-0.0144396314705954,0.0034308626479585,0.0015349541790783,0.0005455473437905,0.00040864944458,still,queen
1772702299066144000,2.44514404296875,0.0538607695251703,-0.0225639240482356,0.0071099638651212,1.72187574207e-05,-0.0025485134683549,-0.0009546224027872,still,queen
1772702299076091100,2.455091064453125,0.0561053335815668,-0.0233537455519428,0.0138529016408021,0.0023831536527723,-0.0019373097456991,0.0030896286480128,still,queen
1772702299086039000,2.4650390625,0.0516162054687738,-0.0110283719971834,0.0128465627260273,0.0017293477430939,0.0007980233058333,-0.0012774229981005,still,queen
1772702299095987000,2.474987060546875,0.0587988104492425,-0.0166316228062496,0.0118990938420407,0.0003026574850082,0.0010579749941825,4.911608994e-05,still,queen
1772702299105934800,2.484934814453125,0.0468278021484613,-0.016292909495841,0.001484776360527,0.001851551933214,0.0012009867932647,-0.0017754156142473,still,queen
1772702299115882800,2.4948828125,0.0568535216003656,-0.0197365756848012,0.0095307549922144,-0.0017763907089829,0.0016162055544555,-0.0001747710630297,still,queen
1772702299125831000,2.504830810546875,0.0529635284245014,-0.0079935137963329,0.0146965539572876,0.0001362916082143,0.0008260454051196,-9.86047089099e-05,still,queen
1772702299135778000,2.514778076171875,0.0590986701786518,-0.0122199712433037,0.0115812303817714,0.0008794995956122,-0.0006310702301561,0.003606732469052,still,queen
1772702299145726000,2.524725830078125,0.0510176550537347,-0.0190045544911583,0.0144103380190965,-0.0010603470727801,-0.001699530519545,0.000295091420412,still,queen
1772702299155673900,2.534673828125,0.0504191046386957,-0.0190999422986758,0.0112010616829677,-0.0008571464568376,0.0007911729626357,-0.0012362704146653,still,queen
1772702299165622000,2.5446220703125,0.0550578703552484,-0.0236055374890798,0.0083616250186954,0.0009021377190947,0.0019168911967426,-0.0014429315924644,still,queen
1772702299175570000,2.55456982421875,0.0574520720154047,-0.0218267597469501,0.0092152290486817,0.0011420994997024,-0.0018858499825,-0.0004835948348045,still,queen
1772702299185518000,2.56451806640625,0.0468278021484613,-0.0204086868096841,0.0122167609394877,0.0028497183229774,0.0025592318270355,0.0001307963393628,still,queen
1772702299195466000,2.574466064453125,0.0499701918274164,-0.0145576660764054,0.0072797332247457,0.0035222508013248,0.002223446033895,0.0014130878262221,still,queen
1772702299205412900,2.584412841796875,0.0631383009582757,-0.0040218405362509,0.0149965506840148,0.0006732009351253,-0.0026322957128286,-2.87475995719e-05,still,queen
1772702299215360800,2.59436083984375,0.0587982259273529,-0.0089796501732955,0.0126441217893734,-0.0011721900664269,-0.0040296884253621,0.0017342851497232,still,queen
1772702299225309000,2.604308837890625,0.0535609097957611,-0.0108619647800689,0.0139366937670041,-0.000504002906382,-0.0001172381453216,0.0007382626645267,still,queen
1772702299235256800,2.6142568359375,0.0472761304378509,-0.016774665130797,0.0081368706438894,-0.0008271085098385,-0.0014391792938113,0.001629733480513,still,queen
1772702299245205000,2.624205078125,0.0526630841732025,-0.0045866553617583,0.0114106184886419,-0.0022148815914988,-0.0007843077182769,0.0014590248465538,still,queen
1772702299255153000,2.63415283203125,0.0579009848266839,-0.0116209995615121,0.0080757521446212,0.0006513022817671,0.0006680730730295,4.12673689424e-05,still,queen
1772702299265100000,2.64410009765625,0.0496709166198968,-0.0142605120440246,0.0080402161820034,0.0027069961652159,0.0004222630523145,-0.0003938931040465,still,queen
1772702299275048000,2.6540478515625,0.0628384412288665,-0.013404867895646,0.0089827354670589,0.0021297980565577,-0.0029462529346346,3.82205471396e-05,still,queen
1772702299284996000,2.66399609375,0.0508674329280853,-0.010500597821502,0.0136317331707919,0.0009388322941958,0.000422912184149,-0.0026680836454033,still,queen
1772702299294944000,2.673944091796875,0.0583487285941839,-0.0184372143484244,0.0011240572851093,0.0037380328867584,0.0005478099919855,0.0024504181928932,still,queen
1772702299304892200,2.68389208984375,0.0498193851798772,-0.0146668004231294,0.0094728936041792,0.002019495004788,0.0004908181726932,-0.0003088833764195,still,queen
1772702299314839800,2.69383984375,0.0590969166129827,-0.0196585305960848,0.0003143272170011,0.0048848739825189,0.0032699890434741,0.0012034815736114,still,queen
1772702299324787000,2.703786865234375,0.0513157612174749,-0.0171126123978698,0.0062104959872143,-0.0012425272725522,0.0003607519902288,-0.0001246370375156,still,queen
1772702299334734800,2.71373486328125,0.057001990160346,-0.0031347235373745,0.0064895384033472,0.0007377779111266,-0.0005915653891861,0.0005168290808796,still,queen
1772702299344683000,2.72368310546875,0.0555056141227483,-0.0051828905221249,0.0096796014364634,0.0007625450380146,0.0022534898016601,0.000895264558494,still,queen
1772702299354631000,2.733630859375,0.0504179355949163,-0.0129387767623469,0.0124894107182743,-0.0006822464056313,0.0020246475469321,0.0014556441456079,still,queen
1772702299364579000,2.7435791015625,0.0592465542167425,-0.0169210364901693,0.0100928584124718,-0.0006063464097678,0.0011964044533669,-0.0004469179548323,still,queen
1772702299374527000,2.75352685546875,0.0520639492362737,-0.0165126120945496,0.0121737666145549,-0.0007146489806473,-0.0013739769347012,7.97719694674e-05,still,queen
1772702299384474000,2.76347412109375,0.0587976414054632,-0.0235353811625856,0.0083600090211664,-0.000635553151369,-0.0001505208201706,5.2032992243e-06,still,queen
1772702299394422000,2.773422119140625,0.0483230091422796,-0.0227655977999093,0.0022309630768402,0.0011478546075522,0.0011747330427169,-0.000350029207766,still,queen
1772702299404370200,2.7833701171875,0.0586480038017034,-0.0165159673871938,0.0073150848118064,0.0019449386745691,0.0004016174934804,0.0025733229704201,still,queen
1772702299414317800,2.79331787109375,0.0529617748588323,-0.0105021904153225,0.0156227186166972,0.0010030530393123,0.0016700634732842,-0.0019071497954428,still,queen
1772702299424266000,2.803265869140625,0.0538590159595012,-0.0075585256207734,0.0054362476536189,0.0025570075958967,0.0001885471865534,0.0009618736803531,still,queen
1772702299434214000,2.8132138671875,0.0583481440722942,-0.0051170564610103,0.0063719752966397,0.0012822356075048,0.0007951194420456,-0.0011151281651109,still,queen
1772702299444161000,2.8231611328125,0.0637345132857561,-0.0041361385402153,0.0097667808213504,0.0019775868859142,0.0009634313173592,0.0010177977383136,still,queen
1772702299454108700,2.833108642578125,0.051015316966176,-0.0031742015978146,0.0093148597772989,0.0010195905342698,0.0004908381961286,-0.0010633077472448,still,queen
1772702299464056800,2.843056884765625,0.0543073442488908,-0.0134538958107877,0.0104923528662533,0.0002773674204945,0.0012956452555954,-0.0001221466809511,still,queen
1772702299474004700,2.853004638671875,0.051613867381215,-0.0201907103771809,0.0085609932196734,0.000211464241147,0.0023692781105637,0.0007280251011252,still,queen
1772702299483952600,2.86295263671875,0.0593956072986125,-0.0134166747811599,-0.0026318440576433,0.0012756632640957,0.0016693994402885,0.000125884078443,still,queen
1772702299493900800,2.87290087890625,0.0564028552234172,-0.0089931957831024,0.0116202791839488,4.66206111013e-05,0.0012015549000352,0.0016861576586961,still,queen
1772702299503848000,2.882847900390625,0.0529611903369426,-0.0275550651327241,0.0073426680801203,0.0003883042372763,-5.6559219956e-06,0.0013665780425071,still,queen
1772702299513795800,2.8927958984375,0.046975686186552,-0.0189895167522307,0.0082876961285597,-0.0020759124308824,-0.0005578021518886,0.0036604711785912,still,queen
1772702299523743700,2.90274365234375,0.0558043048083782,-0.0162247099477041,0.0022731348470435,-0.0013896157033741,-0.0001884214580059,-0.0001835352741181,still,queen
1772702299533692000,2.91269189453125,0.0344067119926214,-0.0085229867387562,-3.20961882942e-05,-0.0014832564629614,0.0004000067710876,0.0005755443125963,still,queen
1772702299543639800,2.922639892578125,0.0613414806693792,-0.0035733843826979,9.47165206598e-05,-0.0006912322714924,-0.0011672633700072,6.42170198261e-05,still,queen
1772702299553588000,2.932587890625,0.0528121372550725,-0.0079628024225938,0.0058828292272053,-0.0034560030326247,0.002891850657761,0.0005178055725991,still,queen
1772702299563534800,2.942534912109375,0.0552069234371185,-0.0097013817267201,0.0012731206417782,-0.0010639512911438,-0.0003942237235605,0.0022368761710822,still,queen
1772702299573482800,2.952482666015625,0.0526630841732025,-0.0190365102572017,0.0118998907097731,0.0006316020153462,-0.0017427536658942,-0.0005467683076858,still,queen
1772702299583430700,2.9624306640625,0.0483235936641693,-0.0169222272251907,0.0108089205602242,0.0004662196151912,-0.0028522266075015,-0.0002090795896947,still,queen
1772702299593378800,2.97237890625,0.0571516277641057,-0.0202235166682396,0.0097609767016489,0.002129450906068,-0.0010808599181473,-0.0002695475704967,still,queen
1772702299603326700,2.98232666015625,0.0584983661979436,-0.0191589607432251,0.0055401213033357,0.0015789754688739,-0.0007959017530083,0.0011344710364937,still,queen
1772702299613273900,2.99227392578125,0.0534101031482219,-0.0219688944642664,0.0031529264851676,0.0006438689306378,0.0039318813942372,0.0009607151150703,still,queen
1772702299623221800,3.0022216796875,0.0481733715385198,-0.0128874712667951,0.0021075142228626,0.0005892743356525,0.0019419675227254,0.0033237379975616,still,queen
1772702299633170000,3.012169921875,0.0481733715385198,-0.0060867291852948,0.0095339316175231,-0.0003872546367347,0.0006977897137403,0.0016678124666213,still,queen
1772702299643117800,3.022117919921875,0.0574509029716253,-0.0017704117725836,0.0152584701478772,-0.0018850164487957,-0.0008279350586235,0.000113857910037,still,queen
1772702299653066000,3.03206591796875,0.0442833783626556,-0.0150027395378507,0.0126163592829019,-0.0028839875012636,-0.0010194932110607,0.0019550239667296,still,queen
1772702299663014000,3.042013916015625,0.0505681577205657,-0.0148751996014674,0.0068960613903589,-0.0029401797801256,-0.0061881560832262,-0.0011555482633411,still,queen
1772702299672961800,3.0519619140625,0.0571522122859954,-0.0095057621148531,0.0079438876595697,-0.0018257214687764,0.0004413458518683,0.0023512230254709,still,queen
1772702299682908700,3.06190869140625,0.0528133062988519,-0.0093382326613762,0.0060734484369691,-0.0026574269868433,0.0019931697752326,0.0006878124549984,still,queen
1772702299692856800,3.07185693359375,0.0505687422424554,-0.0148190409759292,0.005701202749717,-0.0011283815838396,0.0006941584870219,0.0028021894395351,still,queen
1772702299702804700,3.0818046875,0.0537111319214105,-0.0195542117050848,0.0110073600335512,-0.0005326326936483,-6.4043328166e-05,0.0004636677913367,still,queen
1772702299712753000,3.0917529296875,0.0400941099792718,-0.0168591182690579,0.0083816865634347,-0.001031432300806,-0.0001038392074406,0.0007615094073116,still,queen
1772702299722700800,3.10170068359375,0.0525140310913324,-0.0091920690812694,0.002482088864519,0.0018016381654888,-0.000334202311933,-0.0012377256061881,still,queen
1772702299732648000,3.11164794921875,0.0547585951477289,-0.007767060654785,0.0058346444163908,0.0005089589394629,-0.0019941399805247,0.0006314627826213,still,queen
1772702299742595800,3.121595947265625,0.0454810637146234,-0.0122674933295929,0.0070451641337567,-0.0010071787983179,-0.0024546002969145,0.0006863237358629,still,queen
1772702299752544000,3.1315439453125,0.0613426497131586,-0.0012704560439451,0.0051929866536316,0.001849181484431,-0.0024249837733805,0.0002497839741408,still,queen
1772702299762492000,3.141491943359375,0.0522147558838129,-0.0042278342700155,0.0078798471216752,0.0007189358584582,0.0034182579256594,-0.0011798010673373,still,queen
1772702299772439800,3.151439697265625,0.0580506224304437,-0.009877652750723,0.0051718890666757,0.0007557175122201,-0.0048841936513781,-0.0002954280935227,still,queen
1772702299782387700,3.1613876953125,0.055955695977807,-0.0260281569595448,0.0086130870206252,0.0004401328042149,-0.0016127661801874,0.0016662562265992,still,queen
1772702299792334800,3.1713349609375,0.0492214192867279,-0.0206585607843706,0.0176226956532336,-0.0010723201557993,-0.0019131829030811,0.0003191702999174,still,queen
1772702299802282800,3.18128271484375,0.052962359380722,-0.017104439366213,0.0161567604196723,-0.0006454153917729,-0.0020215734839439,-0.0014715392608195,still,queen
1772702299812231000,3.19123095703125,0.0502688825130462,-0.0248579692525672,0.0129347775823087,-0.0027134530246257,0.0003546085208654,0.0003199665807187,still,queen
1772702299822178800,3.2011787109375,0.0579004003047943,-0.0185714568785857,0.0104271330097806,-0.001910510007292,-0.0004984019324183,0.0012573990970849,still,queen
1772702299832127000,3.211126953125,0.0629880788326263,-0.0172059852031699,0.0033378117863554,0.0020489103626459,0.0009531588293612,0.0013714041560888,still,queen
1772702299842075000,3.221074951171875,0.0520645337581634,-0.0097278541751147,0.0028096711428486,-0.0023365169763565,-0.0012247744016349,0.0001868302933871,still,queen
1772702299852022000,3.23102197265625,0.0526636686950921,-0.0054290781273157,-0.0020146882651897,-0.0016225646249949,-0.0004426538944244,0.0013454696163535,still,queen
1772702299861970000,3.240969970703125,0.0495212790161371,-0.0077962935991352,0.0031774695546686,-0.0019045933149755,0.0024993401020765,0.0003861994482576,still,queen
1772702299871917800,3.250917724609375,0.0522153404057025,-0.0061356783269788,0.0163414076880202,0.000419090501964,0.002183049917221,0.0013485383242368,still,queen
1772702299881865700,3.26086572265625,0.0552080924808979,-0.0147146124870749,0.0141028909215645,0.0007759537547826,-0.0006340420804917,-0.0015388606116175,still,queen
1772702299891813600,3.270813720703125,0.046828386670351,-0.0243773689616587,0.0073668115741107,0.0024123552720993,0.0004908144474029,-0.0005820614751428,still,queen
1772702299901761800,3.28076171875,0.0418903457462787,-0.0241438638831721,0.0143042324547423,0.0011486853472888,-0.0011009569279849,-0.0017613091040402,still,queen
1772702299911709000,3.290708984375,0.0544593199402093,-0.0189778502889676,0.0125052190671151,0.0007571768946945,-0.0022768029011785,-0.0015931234229356,still,queen
1772702299921656800,3.30065673828125,0.0552075079590082,-0.0206652645197929,0.0101730029850848,0.0009036506526172,-0.0004461463540792,-0.0007105518598109,still,queen
1772702299931604700,3.310604736328125,0.0622404753357172,-0.0099622999685176,-0.0046682252772996,-0.0017290743999183,-0.0008349819108843,0.0014230944216251,still,queen
1772702299941553000,3.320552978515625,0.0601455488830804,-0.0036604016540921,0.0015530672402092,-0.0030372189357876,0.0020177962724119,9.97697934508e-05,still,queen
1772702299951500800,3.330500732421875,0.0608943214237689,0.0005082178085518,0.001984806296046,-0.0042614135891199,0.0028101161587983,-0.000438776332885,still,queen
1772702299961449000,3.340448974609375,0.0635877982914447,-0.0070661321440828,0.0121660239828052,-0.0029769716784358,-0.0004208306781947,0.0005950625054538,still,queen
1772702299971395800,3.350395751953125,0.0561065026253461,-0.0162567205126746,0.013715890623175,-0.0042221909388899,-0.0028560487553477,0.0006263726390898,still,queen
1772702299981343700,3.36034375,0.0552086770027875,-0.0205674735509906,0.0257882655227556,-0.0004032184369862,-0.0009393715299665,0.001548359170556,still,queen
1772702299991291600,3.370291748046875,0.058949032574892,-0.0293452684511663,0.0110408946936833,-1.40839256346e-05,-0.0030028722248971,-0.0019384450279176,still,queen
1772702300001239800,3.38023974609375,0.0590986701786518,-0.0297620279919356,0.0012312234370328,0.0013148337602615,0.0020259749144315,0.0001039332710206,still,queen
1772702300011187700,3.390187744140625,0.0585001197636127,-0.0228462778037064,-0.0026588216836476,0.0018764804117381,0.0026519647799432,-0.0006947433575987,still,queen
1772702300021136000,3.400135986328125,0.0561059181034564,-0.0115341832195175,0.0019405167756369,0.0005861786194145,-0.0010016257874667,-0.0006140496116131,still,queen
1772702300031082800,3.410082763671875,0.0525146156132221,-0.0082306144835922,0.0045974627376737,0.0010081715881824,0.0027586000505834,0.0003580469638109,still,queen
1772702300041031000,3.420031005859375,0.0529635284245014,-0.0073941956254915,0.015345291056449,-0.0002760044299066,-0.0022870250977575,0.0014174524694681,still,queen
1772702300050978800,3.429978759765625,0.0535620788395404,-0.0062632696373562,0.0072593331824667,-0.0006951321847736,-0.0005110204219818,0.0010634972713887,still,queen
1772702300060927000,3.439927001953125,0.0617927315682172,-0.0056637944904214,0.0146762897706823,-0.0004706280305981,0.0007148324511945,0.0014725588262081,still,queen
1772702300070875000,3.449875,0.0573030189335346,-0.0105064613067079,0.0127176927740161,0.0011894456110894,-0.0014489125460386,-0.0014290860854089,still,queen
1772702300080823000,3.459822998046875,0.0498211387455463,-0.0160872605386597,0.0194339668758795,0.001824609702453,-0.0024473317898809,-0.0008839371148496,still,queen
1772702300090769700,3.469769775390625,0.0631383009582757,-0.0245711813505738,0.0090760437694552,-0.0003758179955184,-0.0026128753088414,-0.0010929538402706,still,queen
1772702300100717800,3.4797177734375,0.0528133062988519,-0.0199892352716182,0.0036150172967842,0.0011597606353461,0.0022242241539061,0.0013888459652662,still,queen
1772702300110665700,3.489665771484375,0.0537111319214105,-0.019535475038574,0.0007328420359059,0.0011965124867856,0.0009954418055713,0.0022455849684774,still,queen
1772702300120614000,3.49961376953125,0.0513169302612543,-0.0121467381853784,0.0080480301665229,0.0018503183964639,0.0014420538209378,-0.0022671415936201,still,queen
1772702300130561800,3.509561767578125,0.0510176550537347,-0.0100077625284611,0.0163446225584135,0.0012388392351567,0.0020399012137204,0.0011266185902059,still,queen
1772702300140509000,3.519509033203125,0.0396457816898822,-0.0094882504326931,0.0168296387295355,-0.0022592227905988,-0.0008355136960744,0.0014216969721019,still,queen
1772702300150456800,3.529456787109375,0.0534124412357807,-0.006936215304234,0.0125076827355485,-0.0009114746935665,-0.0014479304663836,0.0013587833382189,still,queen
1772702300160405000,3.539405029296875,0.0676274290710687,-0.0142323385455994,0.0074609110360179,0.0011831014417111,-0.0012050499208271,0.0014826203696429,still,queen
1772702300170353000,3.549352783203125,0.0477262122929096,-0.0173213917437649,0.0019738664893899,-0.000585941132158,0.0015887939371168,-0.0001978655345737,still,queen
1772702300180300800,3.55930078125,0.054459904462099,-0.0201623199663357,0.0011551048730994,-0.001690087839961,0.0011323282960802,5.03412447869e-05,still,queen
1772702300190248700,3.569248779296875,0.0478758498966693,-0.0179631636709556,0.0093360418459342,-0.0004141218960285,0.0003927727229893,-0.0002783969976007,still,queen
1772702300200195800,3.57919580078125,0.0477262122929096,-0.0115622882192838,0.0084701811225735,0.0017544901929795,0.0017520503606647,0.0005506449379026,still,queen
1772702300210143700,3.589143798828125,0.0552080924808979,-0.0079543553963012,0.0121550459310645,0.0011490760371088,0.0008341688662767,-0.0013908625114709,still,queen
1772702300220092000,3.599091796875,0.0496715011417865,-0.016048228861147,0.0119450701419264,-0.0005414984188973,-0.0022143516689538,-0.0015764848794788,still,queen
1772702300230039800,3.609039794921875,0.0595469984680414,-0.0136066512451739,0.008587086071333,-0.0012883436866104,-0.0001042508520185,-0.0004399088211357,still,queen
1772702300239988000,3.618988037109375,0.0493716414123773,-0.0061962699573952,0.0063340224730054,-0.0014982004649937,-0.0033831344917416,0.0014986060559749,still,queen
1772702300249936000,3.628935791015625,0.0514671523869037,0.0016053014634118,0.0125434789930703,-0.002974625211209,-0.0006122305057942,2.76924110949e-05,still,queen
1772702300259883000,3.638883056640625,0.0623906974613666,-0.0138169135870353,0.0041622468040732,0.0004928102716803,0.0017220301087945,-0.000583236804232,still,queen
1772702300269831000,3.648830810546875,0.0498211387455463,-0.0132818465874646,0.0098949760615709,0.000433643348515,0.0003515635617077,0.0013927030377089,still,queen
1772702300279778800,3.65877880859375,0.0643359863102436,-0.0170534717973787,0.0099264420622028,0.000614205840975,0.0015878027770668,-0.0019330526702106,still,queen
1772702300289726700,3.668726806640625,0.0523649780094623,-0.0190183158717409,0.0094540296443272,0.0006792824715375,0.0008862484246492,0.0003797775134444,still,queen
1772702300299674600,3.678674560546875,0.051916065198183,-0.0221529914600541,0.0110172717895009,0.0003573060967028,0.0007562860846519,0.0008508907631039,still,queen
1772702300309621800,3.688621826171875,0.0546095420658588,-0.0178397142461559,0.0115065645602298,0.0039630029350519,0.0013886124361306,-0.0003422573208808,still,queen
1772702300319570000,3.69856982421875,0.0549088172733783,-0.0137533285652229,0.0100245321418158,0.002731024287641,-0.0010622949339449,-0.0011952680069953,still,queen
1772702300329517800,3.708517822265625,0.0523643934875726,-0.0091131357932754,0.0017137662357446,-0.0006251698359847,-0.0039000487886369,-1.66548416018e-05,still,queen
1772702300339466000,3.718466064453125,0.0547585951477289,-0.0143839123781188,0.0067846780043328,4.0354207158e-05,-0.0015657884068787,0.0008829608559608,still,queen
1772702300349414000,3.728413818359375,0.0550578703552484,0.002847396779264,0.0020471766083064,0.0017136181704699,-0.0009511308744549,-0.0001768204383552,still,queen
1772702300359361800,3.73836181640625,0.0596966360718011,-0.0008570837618608,-0.0002980062698625,-0.0006954772397875,0.0017248133663088,-0.002045826986432,still,queen
1772702300369309000,3.748308837890625,0.0562549711853265,-0.0054701270903344,0.0081289367867168,-0.0025735339149832,0.0006173844449222,0.0007524685934185,still,queen
1772702300379256800,3.7582568359375,0.0424883116394281,-0.0177245428842899,0.0117271085507993,-0.0032028388231992,-0.0013320497237145,-0.0011969653423875,still,queen
1772702300389204700,3.768204833984375,0.0517658430725336,-0.0195356622682418,0.0090268320495786,-0.0010187174193561,0.0006152903661131,-0.0010099022183567,still,queen
1772702300399152600,3.778152587890625,0.050868017449975,-0.0216066141902469,0.0120110845828428,0.003089208388701,-0.0028228503651916,-0.0005888564046472,still,queen
1772702300409100800,3.788100830078125,0.0481745405822992,-0.0158267658469034,0.0088474420533049,0.0024055703543126,0.0002244240604341,-0.0003263726830482,still,queen
1772702300419048700,3.798048583984375,0.0496709166198968,-0.0139244724646036,0.0065369269172515,0.0024899924173951,0.0025789248757064,0.0006006737239658,still,queen
1772702300428996000,3.80799609375,0.0558060583740472,-0.0128810712087608,0.0086775785080244,0.0015364266000688,0.0008526183664798,-0.0013573348987847,still,queen
1772702300438944000,3.817944091796875,0.0553571455627679,-0.0151220858929795,0.000428753655951,0.0027822535485029,0.0020403885282576,-0.0004689041525125,still,queen
1772702300448892200,3.82789208984375,0.050868017449975,-0.0062627616056357,0.004143957091312,0.0006174300797283,-0.0003920188173651,-0.0001850486733019,still,queen
1772702300458840000,3.837840087890625,0.0519154806762933,-0.0127338184999767,0.0136403457355103,-0.0012515764683485,0.0012279818765819,-0.0009264729451388,still,queen
1772702300468788200,3.847788330078125,0.0513169302612543,-0.0093165688188397,0.0136336568414641,-0.0022543114610016,-0.0001781191676855,-7.4703246355e-05,still,queen
1772702300478735000,3.857735107421875,0.0547585951477289,-0.0075700916193367,0.0099893603637348,-0.0021014460362493,-0.0010859910398721,-0.0013524878304451,still,queen
1772702300488683300,3.867683349609375,0.046378889337182,-0.0235911504874122,0.0116443861453211,0.0017365030944347,-0.0016727992333471,0.0003707846626639,still,queen
1772702300498631200,3.877631103515625,0.0558060583740472,-0.0200322684124577,0.0080468354357464,0.0004049227572977,-0.0009926278144121,-0.0009048695210367,still,queen
1772702300508579300,3.887579345703125,0.0556558362483978,-0.0171290235349093,0.0043758261934941,-0.0002673640847206,0.0001699933782219,-0.001348900841549,still,queen
1772702300518527200,3.89752734375,0.053411856713891,-0.0236048388027586,0.0012789316113456,0.0006418391130864,-6.51637092232e-05,-0.0014708738308399,still,queen
1772702300528475400,3.907475341796875,0.0595469984680414,-0.0104790618431288,0.0079270404144015,0.0008480572141706,0.0045254016295075,0.0003975159488618,still,queen
1772702300538422000,3.917422119140625,0.0590980856567621,-0.0164951437948737,0.0170133795322966,4.37824055552e-05,-0.0008142362348735,0.0003186860121786,still,queen
1772702300548370200,3.9273701171875,0.0397942502498626,-0.0107514536103,0.0199819173315539,0.0014212634414434,-0.0016825022175908,0.0013040280900895,still,queen
1772702300558318000,3.937318115234375,0.038297874212265,-0.0164423929776181,0.0154938829140155,-9.4607938081e-05,-0.0026849159039556,-0.0007055930327624,still,queen
1772702300568266200,3.947266357421875,0.0336591084957122,-0.0116442240318283,0.0072429699944885,0.000566239003092,0.0006726258434355,0.0017084721475839,still,queen
1772702300578214100,3.957214111328125,0.0531119969844818,-0.0083848306518804,0.0074819178622507,0.0006008599884808,0.0009027230553328,0.0001688986085355,still,queen
1772702300588161300,3.967161376953125,0.0682253949642181,-0.0174015876903722,-0.0012770735852216,0.0006778752431273,0.0012514116242527,-0.0021566979121416,still,queen
1772702300598109200,3.977109130859375,0.0523638089656829,-0.020058005641913,0.0016395599260402,0.0002493723295629,-0.0009265216067433,5.39920292794e-05,still,queen
1772702300608057300,3.987057373046875,0.0523632244437932,-0.0228763646980049,0.0074772548160428,0.0023370168637484,-0.0014625089243054,0.001024333294481,still,queen
1772702300618005200,3.997005126953125,0.0573012653678655,-0.0123257080565439,0.0089297802954708,-0.0021978137083351,0.0020595216192305,0.0022464580833911,still,queen
1772702300627953400,4.006953369140625,0.0532610500663518,-0.0176817049646284,0.0131516580362687,6.66263513267e-05,-4.08212654292e-05,-0.001039668219164,still,queen
1772702300637901300,4.0169013671875,0.0465273578971624,-0.0153962860247469,0.0085594571372465,0.0006056502461433,-0.0014568241313099,-0.0003645569086074,still,queen
1772702300647848200,4.02684814453125,0.0409907665580511,-0.0056976488109619,0.0079680362909595,-0.0008626417256891,0.0001630233600735,-0.0005151024088263,still,queen
1772702300657796000,4.036796142578125,0.066578796800971,-0.0068012649545969,0.0019329134244937,-0.0040893270634114,0.0008112369105219,-0.0026365765370428,still,queen
1772702300667744300,4.046744140625,0.0511661236137151,-0.0106939489861135,0.0038782781927176,0.0001419526524841,0.0049098329618573,-0.0001260554417967,still,queen
1772702300677692200,4.056692138671875,0.0513163457393646,-0.0116647884708887,0.0016430938860197,-0.0002756309695541,0.0004144171252846,0.001195138785988,still,queen
1772702300687640000,4.06664013671875,0.057451487493515,-0.0120729936707997,0.0055763770726945,-0.0001690313220024,-0.0003633764572441,0.0014320416375994,still,queen
1772702300697587200,4.076587158203125,0.0435351903438568,-0.0204019374084891,0.0079518666116928,-0.0017655962146818,0.0020675570704042,-0.0002028727903962,still,queen
1772702300707535400,4.086535400390625,0.0480243184566497,-0.0163700275693729,0.0051074997564428,0.0003815270029008,-0.002774201799184,0.0014902879483997,still,queen
1772702300717483300,4.096483154296875,0.0442833783626556,-0.0197267872264375,0.0132506808392878,-0.0003966488875448,-0.0051057990640401,-0.0007752631790935,still,queen
1772702300727431400,4.106431396484375,0.0490711971610784,-0.0126169860456313,0.0041376985971728,5.75850717723e-05,-0.0026694484986364,0.0006839181296527,still,queen
1772702300737379300,4.11637939453125,0.0492208347648382,-0.0127994915892428,0.0030707463607395,0.0024469734635204,-0.002781833987683,-0.0006908057257533,still,queen
1772702300747327000,4.126326904296875,0.0496697475761175,-0.0156087037910765,0.0034261813354416,7.38524831831e-05,0.0023289953824132,0.0009589404799044,still,queen
1772702300757274000,4.136274169921875,0.0602940174430608,-0.0048992375754227,0.0046079418908484,-0.001155995298177,0.00115507398732,-0.0011172601953148,still,queen
1772702300767222300,4.14622216796875,0.0498199697017669,-0.0085127507558208,0.0087984672246238,-0.003466507885605,0.0009198589250445,-0.0012217927724123,still,queen
1772702300777170200,4.156170166015625,0.0517652585506439,-0.0110595640031795,0.0159181362080737,-0.0026854020543396,-0.0009360983967781,-0.0007384291384369,still,queen
1772702300787118000,4.1661181640625,0.0552069234371185,-0.0138836598219582,0.0070031733141775,-0.0012572244741022,-0.0025878837332129,0.000728664919734,still,queen
1772702300797066200,4.176066162109375,0.0567032994747161,-0.0137456452989776,0.0029554265851125,-0.0003669299185276,-0.0009835958480834,0.0003518275916576,still,queen
1772702300807014100,4.18601416015625,0.052962359380722,-0.0214380915062152,0.0129924283369677,0.0025125541724264,0.0033287738915532,-0.0017664202023297,still,queen
1772702300816961300,4.195961181640625,0.0486228688716888,-0.0261485776019748,0.007253770520538,-0.0012422366999089,0.0006152791902422,0.000582221429795,still,queen
1772702300826909200,4.2059091796875,0.0385971494197845,-0.0157378762788313,0.0050415286980103,0.0033061252906918,0.0001993030309677,-0.0022245498839765,still,queen
1772702300836857300,4.215857421875,0.0466775800228118,-0.0155215221229009,0.005685614167407,0.0017963792197406,-0.0028425594791769,0.0007805610075592,still,queen
1772702300846805000,4.225804931640625,0.0608925678580999,-0.0128272072882973,0.0066318460797774,0.0005250354297459,-0.0016215280629694,-0.0017764256335794,still,queen
1772702300856753200,4.235753173828125,0.0593961918205022,-0.0116381333594035,0.0004382195997954,0.0003743004053831,0.0014879789669066,0.0019679791294038,still,queen
1772702300866700300,4.2457001953125,0.0543090978145599,-0.0044480038012494,0.0108164713957288,-0.0019537894986569,0.0016924210358411,-0.0008692406117916,still,queen
1772702300876648200,4.255648193359375,0.048473231267929,-0.0025468748961517,0.0122420278114848,-0.0027026706375181,0.0032154829241335,-0.0014426191337406,still,queen
1772702300886596000,4.26559619140625,0.0466781645447015,-0.0109929524822859,0.0209209060815628,-0.0030270921997725,-0.0034700646065175,-0.0014588076155632,still,queen
1772702300896544300,4.275544189453125,0.0454810637146234,-0.0204175231366883,0.0150817881319206,0.0006134496070444,-0.0022452771663665,-3.53478826582e-05,still,queen
1772702300906492200,4.2854921875,0.0499696073055267,-0.015314330804249,0.0046333040901459,-7.38971866667e-05,0.0007995003834366,-0.0001937998458743,still,queen
1772702300916439300,4.295439208984375,0.0483235936641693,-0.0252006703265709,0.0088242421283415,0.0037743705324828,0.0045452360063791,0.0002655955031514,still,queen
1772702300926387200,4.30538720703125,0.048922728601098,-0.0219419425252592,0.0048940642142057,0.0007650852203369,0.0044364714995026,-0.0013205665163695,still,queen
1772702300936335000,4.315335205078125,0.0552075079590082,-0.0167224428948597,0.0139961049371981,0.0020039877854287,0.0022750499192625,-6.62175007164e-05,still,queen
1772702300946283000,4.325282958984375,0.0499701918274164,-0.0210414591547334,0.0116461477025004,-0.0018347161822021,-0.0028124377131462,-0.0014850287698209,still,queen
1772702300956231200,4.335231201171875,0.0459299765259027,-0.012805034272396,0.0125850873618037,0.0015331171452999,-0.0013381117023527,0.0025331485085189,still,queen
1772702300966179000,4.345178955078125,0.0596966360718011,-0.008016401481576,0.0126666007659514,-0.0012274435721337,-0.0021052272059023,0.0035170018672943,still,queen
1772702300976126200,4.355126220703125,0.0608937369018793,-0.0084835703271091,0.0111550043263356,-0.002696709241718,0.0015435698442161,0.0011435928754508,still,queen
1772702300986074000,4.36507421875,0.0510176550537347,-0.0067935679886199,0.0049743474966031,-0.002847739495337,0.0036303796805441,-0.0014509984757751,still,queen
1772702300996022300,4.375022216796875,0.0466787490665912,-0.0114896134254289,0.0094735283584188,0.0003128997050225,-4.23858873546e-05,0.0003604837693274,still,queen
1772702301005970200,4.38497021484375,0.0465291114628314,-0.020007755025709,0.0084540068767295,0.0011513186618685,-0.0035506840795278,-0.000375528819859,still,queen
1772702301015918300,4.39491845703125,0.0499701918274164,-0.0199622011342202,0.0092180671764508,0.0003140210174024,-0.0051821367815136,-0.000923341140151,still,queen
1772702301025865200,4.404865234375,0.0523643934875726,-0.0194423054459621,0.0139962305180728,0.0013414034619927,0.0007612770423293,0.0004611713811755,still,queen
1772702301035813000,4.414813232421875,0.0590980856567621,-0.0182338760793383,0.0102513277766585,0.0012742918916046,0.0006275866180658,-0.0004829191602766,still,queen
1772702301045761000,4.424760986328125,0.0553571455627679,-0.0168383038098923,0.0024416483979206,0.002315173856914,0.0024461701977998,-0.0013392453547567,still,queen
1772702301055709200,4.434709228515625,0.0528133062988519,-0.01969825068512,0.0017586596859968,-0.0009421384893357,0.0004370817914605,0.0001329500228166,still,queen
1772702301065657000,4.444656982421875,0.0427875868469476,-0.0130438502802397,0.0095439335633738,-0.0015323096886277,-0.0049440492875874,-0.0024755746126174,still,queen
1772702301075605200,4.454605224609375,0.0472761304378509,-0.0098097580216184,0.0090047429445345,-0.0004790294915437,-0.0022771595977246,0.0013953298330307,still,queen
1772702301085552000,4.46455224609375,0.0626893881469965,-0.0050560606885061,0.0039471381820912,-0.0012855576351284,-0.0015312628820538,-0.0007009631954133,still,queen
1772702301095500300,4.474500244140625,0.0679267042785883,-0.0142886741260066,0.0036223729111108,-0.0032075610943138,0.0031124912202358,0.0029172073118388,still,queen
1772702301105448200,4.4844482421875,0.0587993949711322,-0.0039256444445578,0.0103123452404048,-0.0007940488867461,0.0054790414869785,-0.0018308432772755,still,queen
1772702301115396400,4.494396240234375,0.0571533813297748,-0.0140266587640217,0.0109842577191768,-0.002351997885853,-0.0017365268431603,-0.0005139103159308,still,queen
1772702301125344300,4.50434423828125,0.0363537544071674,-0.0216906072458485,0.0051377156565489,-0.0007449979893863,-0.0043130274862051,-0.0014390144497156,still,queen
1772702301135291100,4.514291015625,0.038747371545434,-0.0145767737773188,0.0197453914622077,0.0016379985027015,-0.0027689267881214,-0.0005449913442134,still,queen
1772702301145239000,4.524239013671875,0.0602951864868402,-0.0181751727286202,0.0097999455887242,-0.0024246457032859,0.0013174233026802,0.001036056317389,still,queen
1772702301155187200,4.534187255859375,0.0602951864868402,-0.0141642531618941,0.0110655085451318,0.0004638186655938,0.001485202461481,-0.0020755811128765,still,queen
1772702301165135000,4.544135009765625,0.0481751251041889,-0.0020124563505523,0.0020754460048541,0.0016232072375714,0.0028441238682717,-0.0010034954175353,still,queen
1772702301175083300,4.554083251953125,0.0568535216003656,-0.0094027835142798,0.0079855365566763,-0.0009597926400601,0.000979911070317,-0.0007441034540534,still,queen
1772702301185031200,4.56403125,0.0535620788395404,-0.0089040002543537,0.0097131349549512,-0.0035384139046072,-0.0011333194561302,0.0006338940002024,still,queen
1772702301194978300,4.573978271484375,0.0546095420658588,-0.0166160336531174,0.013472558270418,-0.0033549219369888,-0.0011959038674831,-0.0004928894340991,still,queen
1772702301204926200,4.58392626953125,0.0489233131229877,-0.01120646394387,0.0169490067759063,-0.0041901618242263,-0.0007614488713443,-0.0003774147480726,still,queen
1772702301214874400,4.593874267578125,0.0480260720223188,-0.0235205900188302,0.0089002767814177,-0.0015632202848792,0.0005818493664264,-0.0008916710503399,still,queen
1772702301224822300,4.603822265625,0.0487742600411176,-0.0288723993755644,0.0097978278385184,0.0012497575953602,-0.0017771553248167,0.0013174172490835,still,queen
1772702301234770200,4.613770263671875,0.0487742600411176,-0.0238331790823605,0.007397404216841,0.0004223133437335,-0.0034429626539349,-0.0005151038058102,still,queen
1772702301244717000,4.623717041015625,0.0451823730289936,-0.0178197491703613,0.0135006975195137,0.0016708776820451,-0.0039138980209827,8.03717412054e-05,still,queen
1772702301254665200,4.633665283203125,0.048324178186059,-0.0145528494790371,0.002892564224152,0.0024474554229527,-0.0005561844445765,-0.0006360185798257,still,queen
1772702301264613000,4.643613037109375,0.0549082327514886,-0.0094713940543704,0.0017700669960002,0.0009936727583408,0.0035482291132211,-0.0015619520563632,still,queen
1772702301274561300,4.653561279296875,0.0625403350651264,-0.0131501693320809,0.0095790442634839,-0.0016822717152535,0.0031404988840222,0.0024522305466234,still,queen
1772702301284509200,4.66350927734375,0.0496720856636762,-0.0113363111434155,0.0085186890187294,-0.0015347776934504,0.0023765864316374,-0.0005514677613973,still,queen
1772702301294456300,4.673456298828125,0.0550590393990278,-0.0050460256349702,0.0034113690712663,0.0018421106506139,-0.0019569094292819,0.0015367167070508,still,queen
1772702301304404200,4.683404296875,0.0439852721989154,-0.0204410410095937,0.0051052295967208,-0.0012691169977188,-0.0056713791564106,-0.001229895511642,still,queen
1772702301314352400,4.693352294921875,0.042339258557558,-0.0112325767743051,0.0090403200063476,-0.0043293549679219,-0.0024654655717313,0.0023248917423188,still,queen
1772702301324300300,4.70330029296875,0.0517664275944232,-0.0281313877329346,0.0059490029275038,0.0004168162122368,0.0053982003591954,-0.0007506783585995,still,queen
1772702301334248200,4.713248291015625,0.0477267968147993,-0.0258528688912978,0.0030651386038603,-0.0002990416251122,0.0035449063871055,0.0024989107623696,still,queen
1772702301344195000,4.723195068359375,0.0586503418892621,-0.0233683106501237,0.0059608726034552,0.0010058437474071,0.0006955536082386,-0.0002231742255389,still,queen
1772702301354143200,4.733143310546875,0.0492231728523969,-0.0162539052177919,0.0219995795801864,0.0009461888112127,-0.0022605550475418,-0.0018730026204138,still,queen
1772702301364091100,4.743091064453125,0.0405436073124408,-0.0123429423191351,0.0262246613457566,0.0005014948546886,0.000126888975501,-0.0009934126865118,still,queen
1772702301374039300,4.753039306640625,0.0562555557072162,-0.0081958645430859,0.0125879643054795,-0.0012703058309853,0.0003804215230047,0.0023563113063573,still,queen
1772702301383987200,4.7629873046875,0.0608949059456586,-0.0139649129312019,0.0062963316567416,-0.0014056349173188,0.0039855409413576,0.0011936808004975,still,queen
1772702301393935000,4.77293505859375,0.0553583146065473,-0.0157377780974202,0.0016067148190748,-0.0026304223574697,0.0015133288688957,0.0017265793867409,still,queen
1772702301403882200,4.78288232421875,0.0625415041089057,-0.0122387809750507,-0.0018710785434173,-0.00089504243806,-0.0011274241842329,0.0009674276225268,still,queen
1772702301413830400,4.792830322265625,0.0574538255810737,-0.0198390884944936,0.0034854269672097,-0.0016961209475994,0.0011479808017611,0.0012851427309215,still,queen
1772702301423778300,4.8027783203125,0.0529646974682807,-0.0196271673434413,0.0066924011775758,0.0002431501634418,-0.0013981154188513,-0.0002810340374708,still,queen
1772702301433725200,4.81272509765625,0.0561070871472358,-0.0166773091284791,0.0096712457417161,0.0010199942626059,0.0013278962578624,-0.0014533575158566,still,queen
1772702301443673000,4.822673095703125,0.0638882425427436,-0.0175565487815765,0.0128992655942216,-0.0010201018303632,0.0015873087104409,-0.0012190246488898,still,queen
1772702301453620200,4.8326201171875,0.055358899128437,-0.0151307475484034,0.0083232823235273,0.0008992380462586,0.0004828958772122,-0.0007782715838402,still,queen
1772702301463568100,4.842568115234375,0.0501215829968452,-0.016163855739095,0.0071936144274281,0.0018151421099901,-0.0019118105992674,-0.000839635496959,still,queen
1772702301473516300,4.852516357421875,0.0502706360787153,-0.0089216637752077,0.0082710315464821,-0.0020277993753552,0.0001683845184743,0.0008152527734637,still,queen
1772702301483464200,4.862464111328125,0.0558072274178266,-0.0232217395029962,0.006105340841753,0.0002237730659544,0.0010870993137359,-0.0021640728227794,still,queen
1772702301493412400,4.872412353515625,0.0571545503735542,-0.0139239005008013,0.0046560564905375,-0.0015789209865033,0.001948365708813,0.0012868512421846,still,queen
1772702301503359200,4.882359130859375,0.0588005640149116,-0.015912103759509,0.0030151802486012,0.0015204334631562,0.0032726032659411,0.0017360160127282,still,queen
1772702301513307100,4.89230712890625,0.0466805026322603,-0.0130194727491645,0.0133143594759341,-0.002271375618875,-0.0003572851419448,-0.0007239459082484,still,queen
1772702301523255000,4.902255126953125,0.0484755693554878,-0.0155617354022804,0.0125649030903005,0.0026526236906647,-0.0026129796169698,0.000301738269627,still,queen
1772702301533203200,4.912203125,0.0585012888073921,-0.0178229343580023,0.0136282922548241,0.000476554967463,-0.0021027182228863,0.0041524027474224,still,queen
1772702301543151000,4.922151123046875,0.0517675966382026,-0.0249938226428581,0.009211600332224,0.0021083294413983,0.0004248092882335,0.0003031007945537,still,queen
1772702301553098200,4.93209814453125,0.0489244821667671,-0.0216357443866087,0.0010072391013178,-0.0010246131569147,0.0015060526784509,0.0014173672534525,still,queen
1772702301563046100,4.942046142578125,0.0550596239209175,-0.0203461886332603,0.0100329894429072,0.0013413657434284,-0.0015725241973996,-0.002249433659017,still,queen
1772702301572994300,4.951994384765625,0.0541617982983589,-0.0124159048073575,-0.0032563508978462,-0.0002155182883143,0.0016925113741308,0.0015631476417183,still,queen
1772702301582942200,4.961942138671875,0.0430886156201362,-0.0045256156359479,0.0103921986937173,-0.0021967026405036,-0.0012446120381355,-0.0017154342494904,still,queen
1772702301592890400,4.971890380859375,0.0514683214306831,-0.014827731172461,0.0148918733166996,-0.0012571392580866,-0.0028153443709015,-0.0008456457871943,still,queen
1772702301602838300,4.98183837890625,0.0586509264111518,-0.0202783955104998,0.0082157622618658,-0.0007320712320506,-0.0016743135638535,-0.0013548454735428,still,queen
1772702301612785200,4.99178515625,0.0444353540539741,-0.0168834581258706,0.0107534103886573,0.0019111158326268,0.0013150845188647,-0.000248834490776,still,queen
1772702301622733000,5.001733154296875,0.0468295557141303,-0.0201583424775395,0.0074293342958873,0.0011499361135065,0.0013157660141587,0.0023454441688954,still,queen
1772702301632681200,5.01168115234375,0.0505704958081245,-0.031587693066115,0.0120911161326686,1.48969702422e-05,0.0010909952688962,-0.002213355153799,still,queen
1772702301642629000,5.021629150390625,0.0498223077893257,-0.022160510329518,0.0096981360319303,0.0018285259138792,-0.0017317235469818,0.0003463891334831,still,queen
1772702301652577300,5.031577392578125,0.0445849916577339,-0.0107859198521939,0.007196806464935,0.0002822945825755,0.0006824322044849,-0.0019093083683401,still,queen
1772702301662524200,5.041524169921875,0.0492237573742866,-0.0141840469910413,0.0078540796386456,-0.0011342614889144,-0.0018473388627171,-0.0046343328431248,still,queen
1772702301672472300,5.051472412109375,0.0576034631848335,-0.0097199928123562,0.0092090870022628,0.0004210248589515,-0.0029810462146997,3.73842194676e-05,still,queen
1772702301682420200,5.061420166015625,0.0546107111096382,-0.0111156792462337,0.0023951943198888,-0.0003720126114785,0.0004314607940614,0.000534079503268,still,queen
1772702301692368400,5.071368408203125,0.0522170939713716,-0.0213807101796148,0.0173828681485261,-0.0026069371961057,-0.0002963813021779,2.38176435232e-05,still,queen
1772702301702316300,5.08131640625,0.0528156443864107,-0.0185881956675439,0.0182074550049379,0.000415161717683,-0.0022047236561775,-0.0013598555233329,still,queen
1772702301712263200,5.09126318359375,0.0451841265946626,-0.0213297380442032,0.0158225417629349,-0.0029015387408435,0.0008176979608833,0.0021299510262906,still,queen
1772702301722211000,5.101211181640625,0.0420417369157075,-0.021820537785429,0.0084474555508233,-0.0012947577051818,-0.000752046238631,-0.0003890730440616,still,queen
1772702301732159200,5.1111591796875,0.0462310052990913,-0.0304460510336095,0.0057188856785243,0.0018333916086703,0.0030682582873851,-0.0001746886409819,still,queen
1772702301742107100,5.121107177734375,0.0448848513871431,-0.0230164901213254,-0.0009063411475101,-4.54443506896e-05,-0.0015453658998012,-0.0022628323640674,still,queen
1772702301752055300,5.13105517578125,0.0589507861405611,-0.0162339081759564,0.0082078649373113,0.0006491080857813,-0.0001021986827254,0.0018778503872454,still,queen
1772702301762002200,5.141002197265625,0.0420417369157075,-0.0120232739192026,0.0147707768208347,-0.0011799936182796,0.001161356922239,-0.002486809156835,still,queen
1772702301771950300,5.150950439453125,0.0400964480668306,-0.0158721119591267,0.0172734358326357,-0.0013256687670946,-0.0028885118663311,-0.0022135686594992,still,queen
1772702301781898200,5.160898193359375,0.0507201334118843,-0.0150772044299927,0.0089758793221204,0.0002865549176931,-0.0029482427053153,-9.56249423325e-05,still,queen
1772702301791846400,5.170846435546875,0.0499719453930854,-0.0164280687663878,-0.0024718757144699,0.0026658230926841,0.0006787166930735,-0.0003065471537411,still,queen
1772702301801794300,5.180794189453125,0.057902738392353,-0.015172450673615,0.0049351970880816,0.0002083452418446,0.0029341091867536,0.0022510224953293,still,queen
1772702301811741200,5.1907412109375,0.0472784685254097,-0.018640756971843,0.0088786043765489,-0.0013088574633002,0.0009319446980953,-0.0021868690382689,still,queen
1772702301821689000,5.200689208984375,0.0486257914811372,-0.0110776465074974,0.0129560806652414,3.7592835724e-06,0.0009734141640365,0.0010598232038319,still,queen
1772702301831637200,5.21063720703125,0.0520668718457221,-0.0150828841104637,0.0144647933113155,0.0014479914680123,-0.0002657547593116,0.00118472520262,still,queen
1772702301841585200,5.220585205078125,0.0394973131299018,-0.0148690073226985,0.0075947151747619,0.0008418457582592,0.0009103352203965,-0.0004786374047398,still,queen
1772702301851533000,5.230532958984375,0.0568552751660347,-0.0147897258331882,0.0100054255825467,-0.0055532027035951,0.0004653208889067,-0.0019574905745685,still,queen
1772702301861480200,5.240480224609375,0.0498223077893257,-0.0105689183839363,0.0137172183555143,-0.0005614282563328,0.0018748568836599,-0.0008460336830466,still,queen
1772702301871428400,5.250428466796875,0.062841363838315,-0.0048361183444911,0.0079971059801726,-0.0022820960730314,-0.0007446282543241,-0.0006042185705155,still,queen
1772702301881376300,5.260376220703125,0.0688268679887056,-0.0158879785318276,0.0148419320861052,-0.0004386426880955,-1.11148692667e-05,0.0009226817637681,still,queen
1772702301891324200,5.27032421875,0.0576034631848335,-0.0169412961101974,0.010613748472929,-0.0014791395515203,-0.0002958071418106,-0.0011298165190964,still,queen
1772702301901272300,5.280272216796875,0.0415928241044282,-0.0123506940840394,0.0005987439237505,0.000392357353121,-0.0017804489471018,0.0022500669583678,still,queen
1772702301911219200,5.29021923828125,0.0565565844804048,-0.0153864678836311,0.0051807385225896,-0.0018755905330181,0.00263959961012,-0.0004815370775759,still,queen
1772702301921167000,5.3001669921875,0.0507207179337739,-0.0259249294805107,0.0117401723867049,-0.0004196604713797,0.0018524809274822,-0.0006266848649829,still,queen
1772702301931115300,5.310115234375,0.0588011485368013,-0.0267792538880603,0.0162191193154896,-0.003253529779613,3.22102569043e-05,0.0004843859933316,still,queen
1772702301941063200,5.320063232421875,0.0528156443864107,-0.0162560309595079,0.0165717275788658,-0.0008026035502552,-0.0002222596667706,-0.0004057991318404,still,queen
1772702301951011000,5.330010986328125,0.0555091212540864,-0.0207782233749749,0.0122072053765645,0.0001854291185736,0.0014126552268862,7.62334093451e-05,still,queen
1772702301960959200,5.339959228515625,0.0544616580277681,-0.0227861862135003,0.0112151164661394,0.0003053597174584,0.001606261357665,-0.0026403660885989,still,queen
1772702301970906400,5.34990625,0.0598491962850093,-0.0186520238595956,0.0021292739635217,-0.0015615159645676,0.0014454063493758,-0.0009692327585071,still,queen
1772702301980854300,5.359854248046875,0.0574549946248531,-0.0132084251582273,0.0031620442274957,0.0004947246052324,0.0028555220924317,-0.0002051466144621,still,queen
1772702301990802200,5.36980224609375,0.0596995586812496,-0.024018634634884,0.0094641292007669,-0.0010871929116547,0.000697296578437,0.0009320229291915,still,queen
1772702302000750300,5.379750244140625,0.0469803623616695,-0.0191188011211284,0.0056282493946491,-0.0010365433990955,-0.0016382522881031,0.0010511339642107,still,queen
1772702302010698200,5.3896982421875,0.0552104305684566,-0.0163399087090336,0.0057475632129149,-0.0019832970574498,-0.0008992250077426,7.37542286515e-05,still,queen
1772702302020645000,5.39964501953125,0.0456336239278316,-0.013306101962598,0.0065215883550466,0.0023875387851148,-0.0010694144293665,0.0032678158022463,still,queen
1772702302030593300,5.40959326171875,0.0496738392293453,-0.0204676047895336,0.0068888016741548,-0.0007166415452957,-0.000125057529658,-0.0003125378862023,still,queen
1772702302040541200,5.419541259765625,0.0436883350789546,-0.0168181743373163,0.0154573639956419,-0.0001181522384285,0.0006745737046003,0.0010721464641392,still,queen
1772702302050489000,5.429489013671875,0.0586520954549312,-0.0141972946316818,0.0058714624455751,0.0011353977024555,0.0007464787922799,0.0013408595696091,still,queen
1772702302060437200,5.439437255859375,0.0501227520406246,-0.0220071144326706,0.0077339792274462,-0.0012377044185996,0.0002449881285429,0.0001086704432964,still,queen
1772702302070384400,5.44938427734375,0.0559586185872554,-0.0223293755068443,0.0079550843361968,-0.0001386180520057,0.0009153056889772,-0.0002508559264242,still,queen
1772702302080332300,5.459332275390625,0.0486263760030269,-0.0147864767134655,0.0085335537985432,-0.0008048913441598,0.0022811370436102,0.0023739715106785,still,queen
1772702302090280200,5.4692802734375,0.064937459334731,-0.0168348126615746,0.0003218740567506,-0.0007814550772309,0.0010646050795912,1.30790285766e-05,still,queen
1772702302100228400,5.479228271484375,0.0579044919580221,-0.0115106630633235,0.0084987336469115,-0.0007841056212782,-0.0016232379712164,0.0003394801169633,still,queen
1772702302110176000,5.489176025390625,0.05281681343019,-0.0225519641823833,0.010594002592843,0.0035768207162618,0.0023147780448198,-0.0003582681529223,still,queen
1772702302120123100,5.499123046875,0.0552110150903463,-0.0213681109929457,0.0092954238536447,-0.0015580444596707,-0.0008968105539679,0.0009355307556688,still,queen
1772702302130071000,5.509071044921875,0.0631418080896139,-0.0151839584483182,0.0112820659137505,0.0013362788595259,0.0013783278409391,-0.0014618467539548,still,queen
1772702302140019200,5.519019287109375,0.0448860204309225,-0.0217842471959185,0.0050209665422386,9.09985974431e-05,0.0010108049027621,-0.0006398374680429,still,queen
1772702302149967000,5.528967041015625,0.0523684851408004,-0.0178517506021773,0.0055610173900699,-0.0015071644447743,0.0030736892949789,0.0003553857095539,still,queen
1772702302159915300,5.538915283203125,0.0439887793302536,-0.0143029812125721,0.0008184864800103,0.0013158083893358,-0.0015555112622678,0.0011883839033544,still,queen
1772702302169862100,5.548862060546875,0.0492260954618453,-0.0116032184512936,0.0079277727792301,-0.0004975381307303,0.0003483826294541,0.0014373892918229,still,queen
1772702302179810300,5.558810302734375,0.0559597876310348,-0.0180679643358569,0.0046173947057832,0.0018224595114588,0.0005837259814143,-0.0019097616896033,still,queen
1772702302189758200,5.56875830078125,0.0468318938016891,-0.018683350579621,0.0019468494766566,-0.0014090202748775,-0.0021380246616899,0.0024381149560213,still,queen
1772702302199706400,5.578706298828125,0.0486275450468063,-0.0206959975847741,0.0136354412315296,-0.0019807242788374,-0.0049044657498598,-0.0010214967187494,still,queen
1772702302209654000,5.588654052734375,0.0653869566679,-0.0188749641615839,0.00644073653378,0.0004720469005405,-0.0008085244335234,-0.0021876948885619,still,queen
1772702302219601200,5.59860107421875,0.0567079756498336,-0.0191381268761062,0.0056448095162719,0.0015239613130688,0.000824271235615,0.0001491256989538,still,queen
1772702302229549000,5.608549072265625,0.0546130491971969,-0.0158537280607095,0.0122572824628325,0.001382281538099,-0.0007909359410405,0.0009432802908122,still,queen
1772702302239497200,5.618497314453125,0.0547626868009567,-0.0199443754998734,0.0068455242214316,-0.0005658990703523,-0.0012439619749784,0.001557579729706,still,queen
1772702302249445000,5.628445068359375,0.0573065260648727,-0.0189118404146283,0.0177628085184667,-0.0014673788100481,-0.0006351633928716,-0.0010014516301453,still,queen
1772702302259393300,5.638393310546875,0.0535655859708786,-0.0147807114096707,0.0120874857037444,-0.0013480964116752,-0.0025058793835341,0.0004512891173362,still,queen
1772702302269340200,5.648340087890625,0.0549123244047164,-0.0212512225980288,0.0103890979877556,-0.0024306713603436,-0.0015689791180193,-0.0008952049538493,still,queen
1772702302279288300,5.658288330078125,0.0607481909513473,-0.0128520745847839,0.0025398349464783,0.001928262412548,-0.0006041242741048,0.0033382149413228,still,queen
1772702302289236200,5.668236328125,0.0625432576745748,-0.0209631743207108,0.0065980853740707,0.0007836357690393,-0.0029008341953158,0.0007685306482017,still,queen
1772702302299184400,5.678184326171875,0.0501233365625143,-0.0150161435837624,0.0111001597334048,-0.0016019558534026,-0.0001295311376452,0.0002312613651156,still,queen
1772702302309132000,5.688132080078125,0.0460831212610006,-0.0256277183659141,0.0013292221851006,-0.0012402986176311,-0.0021191788837313,0.0008624303154647,still,queen
1772702302319079200,5.6980791015625,0.0459334836572408,-0.0242128465993097,0.0131708136862434,0.0005533169023692,0.0018418550025671,0.000442424789071,still,queen
1772702302329027000,5.708027099609375,0.0495247861474752,-0.0175658634575491,0.0117943388429121,-0.0010341932065784,0.001733198063448,-7.4228271842e-05,still,queen
1772702302338975200,5.717975341796875,0.0504226117700338,-0.0202022820839658,0.0130731574314704,0.0017936308868229,0.0025011564139276,-0.0028585186228156,still,queen
1772702302348923100,5.727923095703125,0.0541641363859176,-0.0195024358520749,0.0118986600172007,4.15369868278e-05,-0.0001111384481191,-0.0013751378282904,still,queen
1772702302358871300,5.737871337890625,0.0505728338956832,-0.0188940787123632,0.0064208867640612,-0.0009884503670036,-2.5280751287e-06,-0.0014096251688897,still,queen
1772702302368818200,5.747818115234375,0.0583539892911911,-0.0153909225797513,0.0100306308057508,-0.0026073860935866,0.0017133464571088,0.000900400802493,still,queen
1772702302378766300,5.757766357421875,0.0580547140836715,-0.0237270426936098,-0.0028463618786918,0.0008587087504565,-0.0019155889749526,-0.001116078114137,still,queen
1772702302388714200,5.76771435546875,0.0538648611783981,-0.0223551789516699,0.002559265161911,-0.0010087001137435,0.0020208293572068,-0.0011443076655268,still,queen
1772702302398662100,5.777662109375,0.0562590628385543,-0.0206108628848567,0.0056905540623614,0.0008984832093119,0.0002351282164454,0.0001235539093613,still,queen
1772702302408610000,5.787610107421875,0.048777182650566,-0.0170778185040573,0.0104849744190403,-0.0019244677387177,0.0021475441753864,0.0015267734415829,still,queen
1772702302418557200,5.79755712890625,0.0525181227445602,-0.0165823140466061,0.0039084940928238,-0.0008851215243339,-0.0010335138067603,-0.0001231394708156,still,queen
1772702302428505000,5.807505126953125,0.0513210219144821,-0.0204470414921175,0.0159727798716048,0.0012683104723691,-0.0015925113111734,0.0002654157578945,still,queen
1772702302438453500,5.81745361328125,0.0638905806303024,-0.0183012114027282,0.0123019321720232,0.0017271717078983,0.000218553468585,-0.0010527775157243,still,queen
1772702302448401400,5.8274013671875,0.057755438876152,-0.0252882138959947,0.0075036884485307,-0.0014896602369844,-0.0016243541613221,0.0012953313998878,still,queen
1772702302458349600,5.837349609375,0.0611971037626266,-0.0212070158468326,0.0018704826050845,-0.0010996893979609,7.25807622075e-05,-0.0002756831236183,still,queen
1772702302468296400,5.84729638671875,0.0513210219144821,-0.0158234573616762,0.0078437608864973,-1.23209320008e-05,0.0001562037505209,0.0008524321019649,still,queen
1772702302478244600,5.85724462890625,0.0540144987821578,-0.0116374449478811,0.0066576375373377,-0.0026625674217939,-0.0019018687307834,0.0005727815441787,still,queen
1772702302488192500,5.867192626953125,0.0531166731595993,-0.0120566213496669,0.005530542336704,-0.0015259301289916,0.0003564916551113,-0.0004141856916248,still,queen
1772702302498140700,5.877140625,0.0484779074430465,-0.0140863256625423,0.0100186195659043,-0.0023366571404039,0.0004583336412906,0.0011022286489605,still,queen
1772702302508088300,5.88708837890625,0.0531166731595993,-0.016828538184415,0.0180757937325746,0.0102012380957603,-0.0061223376542329,2.7110800147e-05,still,queen
1772702302518035500,5.897035400390625,0.044431846922636,-0.0083753721287241,0.0187024343060038,0.0965183153748512,-0.0401601605117321,0.0160957351326942,still,queen
1772702302527983400,5.9069833984375,-0.2037029559463262,0.0600776256128679,0.0709893067196011,0.2211529165506363,-0.0643118321895599,0.0325324982404708,still,queen
1772702302537931500,5.916931640625,-0.2439198155224323,0.1018771238710731,0.0760866755243856,0.2915389239788055,-0.0477296635508537,0.0356625095009803,still,queen
1772702302547879400,5.92687939453125,-0.1267500646471977,0.0544320300744846,0.0127883342993445,0.110738530755043,-0.0318154133856296,0.0135891679674386,still,queen
1772702302557827600,5.93682763671875,0.5155027139961719,-0.1684615466952324,-0.0613062449592165,-0.1263497173786163,-0.0215299427509307,-0.0015230167191475,still,queen
1772702302567774500,5.9467744140625,0.7499030060231685,-0.2181474782211706,-0.0486399250377668,-0.0675085037946701,-0.0274315066635608,0.0092800958082079,still,queen
1772702302577722600,5.95672265625,-0.2876993360161781,0.040790526711638,0.0739680622354848,0.0808601602911949,-0.0238956268876791,0.0077464887872338,still,queen
1772702302587670500,5.96667041015625,-0.3405810313761234,0.1403374221034348,0.0122857756216661,0.0606339797377586,0.0028353191446512,0.0003543524071574,still,queen
1772702302597618400,5.976618408203125,0.211140996992588,-0.0496758074241457,-0.0425099024167284,-0.0576861016452312,0.0366599783301353,-0.0002389522269368,still,queen
1772702302607566300,5.98656640625,0.4663292255043983,-0.1373582236295565,-0.0326656176460674,-0.0617828480899333,0.036392331123352,0.0018364489078521,still,queen
1772702302617513500,5.996513427734375,-0.0310386968642473,-0.0080462315059034,0.0188257147674448,0.0002731047570705,0.0332824029028415,0.0031474069692194,still,queen
1772702302627461400,6.00646142578125,-0.1435655903697013,0.0366000344855478,0.0136962223749025,0.009843174368143,0.0365391820669174,0.0001745205372571,still,queen
1772702302637409500,6.016409423828125,0.0639922874391079,-0.011875986961089,-0.0115952429241035,-0.0236231759190559,0.0390586853027343,-0.0019509398844093,still,queen
1772702302647357400,6.026357421875,0.1536485929667949,-0.0572653857703087,-0.0042567007465404,-0.0375347286462783,0.0197611544281244,0.0019029206596314,still,queen
1772702302657305600,6.0363056640625,0.0481745405822992,-0.0342760393842356,0.0232281601106282,-0.0276219453662633,-0.0027134139090776,0.0033198208548128,still,queen
1772702302667252500,6.04625244140625,0.0022463176220655,-0.0167299571977462,0.0429621259965235,-0.0167637057602405,-0.0178175307810306,-5.70672564208e-05,still,queen
1772702302677200600,6.05620068359375,0.0046481180667877,-0.0125369076883886,0.0213753581510623,-0.0242600701749324,-0.006146419327706,-0.0053402162156999,still,queen
1772702302687148500,6.0661484375,0.093850834608078,-0.0320312972313258,-0.0136867923928541,-0.0526941083371639,0.021008500829339,-0.0054757711477577,still,queen
1772702302697096400,6.076096435546875,0.1543383287966251,-0.0537933348787249,-0.0277130801224731,-0.0869628861546516,0.0350263938307762,-0.0073295142501592,still,queen
1772702302707044400,6.08604443359375,0.1392629247397184,-0.0600060947466176,-0.0174353095801721,-0.110186718404293,0.0175089184194803,-0.0124041670933365,still,queen
1772702302716991500,6.095991455078125,0.079285133638978,-0.0419190284180687,0.0067585663155419,-0.1123548969626426,-0.0121421078220009,-0.0180905181914567,still,queen
